ID,Job Title,Email Address,FirstName,LastName
1,IT Support Staff,Joyce_Jennson9456@gompie.com,Joyce,Jennson
2,Physician,Logan_Page 9482@joiniaa.com,Logan,Page 
3,Electrician,Harmony_Tutton5756@grannar.com,Harmony,Tutton
4,IT Support Staff,Erick_Neville4022@infotech44.tech,Erick,Neville
5,Pharmacist,Brad_Blackburn901@dionrab.com,Brad,Blackburn
6,Budget Analyst,Henry_Yarwood6636@typill.biz,Henry,Yarwood
7,HR Specialist,Camden_Kent18@gompie.com,Camden,Kent
8,Stockbroker,Analise_Wilson5457@deons.tech,Analise,Wilson
9,Investment Advisor,Charlize_Darcy2318@vetan.org,Charlize,Darcy
10,Cashier,Eve_Giles5427@bungar.biz,Eve,Giles
11,Web Developer,Audrey_Utterson8395@twace.org,Audrey,Utterson
12,Banker,Carl_Yard2583@bretoux.com,Carl,Yard
13,Electrician,Wade_Driscoll1144@deons.tech,Wade,Driscoll
14,CNC Operator,Caleb_Middleton9107@bulaffy.com,Caleb,Middleton
15,Mobile Developer,Fred_Miller6756@brety.org,Fred,Miller
16,Webmaster,Matthew_Thomas1166@ubusive.com,Matthew,Thomas
17,Doctor,Fred_Vass7731@gompie.com,Fred,Vass
18,Accountant,Nate_Tennant8465@nimogy.biz,Nate,Tennant
19,Machine Operator,Martin_Pierce8094@yahoo.com,Martin,Pierce
20,Staffing Consultant,Alba_Armstrong6778@vetan.org,Alba,Armstrong
21,Project Manager,Abbey_Ryan5955@bungar.biz,Abbey,Ryan
22,Designer,Rocco_Randall2795@supunk.biz,Rocco,Randall
23,Steward,Chester_Patel1366@joiniaa.com,Chester,Patel
24,IT Support Staff,Michaela_Gilmour5357@iatim.tech,Michaela,Gilmour
25,Fabricator,Marina_Tindall9081@ovock.tech,Marina,Tindall
26,Treasurer,Anthony_Curtis6875@nimogy.biz,Anthony,Curtis
27,Dentist,Maxwell_Wooldridge3983@supunk.biz,Maxwell,Wooldridge
28,Treasurer,Camden_Harris5255@nickia.com,Camden,Harris
29,Baker,Logan_Ellery6427@zorer.org,Logan,Ellery
30,Steward,Freya_Weasley1219@cispeto.com,Freya,Weasley
31,Project Manager,Amy_Murphy7223@irrepsy.com,Amy,Murphy
32,Audiologist,Renee_Whitehouse3584@sheye.org,Renee,Whitehouse
33,Assistant Buyer,Logan_Robe4504@kideod.biz,Logan,Robe
34,Dentist,Payton_Gibson773@zorer.org,Payton,Gibson
35,Pharmacist,Bernadette_Connell1318@eirey.tech,Bernadette,Connell
36,Loan Officer,Julian_Mcleod991@nimogy.biz,Julian,Mcleod
37,Treasurer,Karla_Warden7329@kideod.biz,Karla,Warden
38,Machine Operator,Mark_Vane9536@gompie.com,Mark,Vane
39,Designer,Anthony_Huggins3553@tonsy.org,Anthony,Huggins
40,Cashier,Eduardo_Anderson8663@bulaffy.com,Eduardo,Anderson
41,Audiologist,Danny_Gilmour8390@iatim.tech,Danny,Gilmour
42,Business Broker,Joseph_Taylor2120@jiman.org,Joseph,Taylor
43,Restaurant Manager,Winnie_Ingram6099@sheye.org,Winnie,Ingram
44,Steward,Maxwell_Swift3511@nimogy.biz,Maxwell,Swift
45,Bellman,Maddison_Forth9644@extex.org,Maddison,Forth
46,Design Engineer,Cameron_Rivers2493@gompie.com,Cameron,Rivers
47,Stockbroker,Carl_Leigh7863@zorer.org,Carl,Leigh
48,Production Painter,Rocco_Adams5710@ubusive.com,Rocco,Adams
49,Executive Director,Erin_Wilkinson1508@womeona.net,Erin,Wilkinson
50,Project Manager,Elijah_Briggs3629@fuliss.net,Elijah,Briggs
51,Banker,Johnny_Hilton8574@vetan.org,Johnny,Hilton
52,Doctor,Harry_Richards7356@bulaffy.com,Harry,Richards
53,CNC Operator,Eduardo_Aldridge8722@bretoux.com,Eduardo,Aldridge
54,Ambulatory Nurse,Phillip_Lloyd5886@yahoo.com,Phillip,Lloyd
55,Project Manager,Camellia_Walsh6333@yahoo.com,Camellia,Walsh
56,Front Desk Coordinator,Bernadette_Patel1108@typill.biz,Bernadette,Patel
57,Assistant Buyer,Lauren_Kent7913@nanoff.biz,Lauren,Kent
58,Bellman,Savannah_Flett3016@sveldo.biz,Savannah,Flett
59,Cashier,Francesca_Miller1650@fuliss.net,Francesca,Miller
60,Cashier,Alex_Freeburn9571@atink.com,Alex,Freeburn
61,Loan Officer,Jack_Woods7079@deavo.com,Jack,Woods
62,Business Broker,Ivy_Ingram6098@gompie.com,Ivy,Ingram
63,Cashier,Fiona_Lewin1380@twipet.com,Fiona,Lewin
64,Fabricator,Roger_Pratt1366@deavo.com,Roger,Pratt
65,Budget Analyst,Caitlyn_Mcgregor3837@fuliss.net,Caitlyn,Mcgregor
66,Business Broker,David_Eastwood6275@corti.com,David,Eastwood
67,Bellman,Kirsten_Locke1069@nanoff.biz,Kirsten,Locke
68,Machine Operator,Gwenyth_Graham5748@vetan.org,Gwenyth,Graham
69,Clerk,Emma_Tindall3754@qater.org,Emma,Tindall
70,Executive Director,Sloane_Morgan4847@nimogy.biz,Sloane,Morgan
71,Food Technologist,Angela_Moreno8127@guentu.biz,Angela,Moreno
72,Web Developer,Boris_Scott3062@gompie.com,Boris,Scott
73,Ambulatory Nurse,Lily_Tennant2952@kideod.biz,Lily,Tennant
74,Software Engineer,Valentina_Adams5353@supunk.biz,Valentina,Adams
75,Biologist,Jayden_Durrant7673@elnee.tech,Jayden,Durrant
76,Cashier,Fred_Richardson4619@deavo.com,Fred,Richardson
77,Systems Administrator,Tyson_Thompson2925@bungar.biz,Tyson,Thompson
78,Ambulatory Nurse,William_Randall8090@bauros.biz,William,Randall
79,Stockbroker,Carter_Carson1986@nanoff.biz,Carter,Carson
80,Cook,Bob_Palmer1085@yahoo.com,Bob,Palmer
81,Electrician,Cedrick_Potts774@bulaffy.com,Cedrick,Potts
82,Stockbroker,Christy_Taylor6627@irrepsy.com,Christy,Taylor
83,Budget Analyst,Alessia_Oatway9799@fuliss.net,Alessia,Oatway
84,Machine Operator,Marjorie_Newton7567@deons.tech,Marjorie,Newton
85,Banker,Alan_Veale7747@iatim.tech,Alan,Veale
86,Baker,Britney_Brock2122@bauros.biz,Britney,Brock
87,Call Center Representative,Francesca_Moore6841@deons.tech,Francesca,Moore
88,Cashier,Ally_Booth3187@eirey.tech,Ally,Booth
89,Web Developer,Madison_Douglas1493@brety.org,Madison,Douglas
90,Webmaster,Nick_Saunders3368@elnee.tech,Nick,Saunders
91,Cook,Tony_Ingham7997@acrit.org,Tony,Ingham
92,Electrician,Alan_Harrison9670@naiker.biz,Alan,Harrison
93,Inspector,Ryan_Wise3581@eirey.tech,Ryan,Wise
94,Ambulatory Nurse,Oliver_Salt2871@eirey.tech,Oliver,Salt
95,Call Center Representative,Logan_Forester5435@womeona.net,Logan,Forester
96,Healthcare Specialist,Ron_Uttridge7492@brety.org,Ron,Uttridge
97,Chef Manager,Tom_Samuel2086@bungar.biz,Tom,Samuel
98,Laboratory Technician,Irene_Roberts3933@cispeto.com,Irene,Roberts
99,Fabricator,Doug_Brooks6485@famism.biz,Doug,Brooks
100,HR Coordinator,Mavis_Goodman9902@gmail.com,Mavis,Goodman
101,Lecturer,Nick_Wigley5362@qater.org,Nick,Wigley
102,Bookkeeper,Eden_Russell6493@liret.org,Eden,Russell
103,Executive Director,Boris_Lloyd547@supunk.biz,Boris,Lloyd
104,Steward,Owen_Goldsmith3616@ovock.tech,Owen,Goldsmith
105,Retail Trainee,Matthew_Booth7234@infotech44.tech,Matthew,Booth
106,Audiologist,Enoch_Thompson5288@cispeto.com,Enoch,Thompson
107,Business Broker,Alba_Robertson56@bretoux.com,Alba,Robertson
108,Banker,Enoch_Bennett8618@elnee.tech,Enoch,Bennett
109,Auditor,Gwenyth_Clark2474@grannar.com,Gwenyth,Clark
110,Electrician,Gil_Ward1001@elnee.tech,Gil,Ward
111,Ambulatory Nurse,Amy_Newton1920@deavo.com,Amy,Newton
112,Healthcare Specialist,Alexander_Lewis2319@twace.org,Alexander,Lewis
113,Executive Director,Felicity_Campbell6031@nimogy.biz,Felicity,Campbell
114,Business Broker,David_Anderson639@ubusive.com,David,Anderson
115,Auditor,Zara_Rowlands2776@eirey.tech,Zara,Rowlands
116,Auditor,Bree_Wooldridge2729@bretoux.com,Bree,Wooldridge
117,Bookkeeper,Jennifer_Coleman1321@bauros.biz,Jennifer,Coleman
118,Food Technologist,Holly_Waterhouse6000@acrit.org,Holly,Waterhouse
119,Mobile Developer,Lucas_Potts2872@tonsy.org,Lucas,Potts
120,Operator,Percy_Hopkinson8019@elnee.tech,Percy,Hopkinson
121,Front Desk Coordinator,Tony_Gregory9660@liret.org,Tony,Gregory
122,Ambulatory Nurse,Roger_Ingham8108@dionrab.com,Roger,Ingham
123,Dentist,Elly_Tyrrell7717@liret.org,Elly,Tyrrell
124,Global Logistics Supervisor,Savannah_Abbot6972@bungar.biz,Savannah,Abbot
125,Lecturer,Iris_Griffiths6437@zorer.org,Iris,Griffiths
126,Inspector,Nancy_Hale8122@famism.biz,Nancy,Hale
127,Chef Manager,Analise_Jeffery6174@qater.org,Analise,Jeffery
128,IT Support Staff,Alexander_Weasley6895@nimogy.biz,Alexander,Weasley
129,Auditor,Maxwell_Crawley2202@qater.org,Maxwell,Crawley
130,Steward,Michael_Niles1487@grannar.com,Michael,Niles
131,Software Engineer,Courtney_Tennant2535@acrit.org,Courtney,Tennant
132,Systems Administrator,Nathan_Alldridge6492@zorer.org,Nathan,Alldridge
133,CNC Operator,Caleb_Brennan3665@mafthy.com,Caleb,Brennan
134,Project Manager,Isabel_Chappell6299@extex.org,Isabel,Chappell
135,HR Specialist,Mayleen_Fisher406@fuliss.net,Mayleen,Fisher
136,Treasurer,Mavis_Murray6054@muall.tech,Mavis,Murray
137,Food Technologist,Barney_Nayler1057@muall.tech,Barney,Nayler
138,Paramedic,Monica_Moss1438@gembat.biz,Monica,Moss
139,Service Supervisor,Makenzie_Norburn4092@ubusive.com,Makenzie,Norburn
140,Software Engineer,Deborah_Vass9026@jiman.org,Deborah,Vass
141,Food Technologist,Johnathan_Roscoe8639@sheye.org,Johnathan,Roscoe
142,Treasurer,Rosa_Holt1254@cispeto.com,Rosa,Holt
143,Operator,Benjamin_Gilmour6118@infotech44.tech,Benjamin,Gilmour
144,Inspector,Margot_Hogg3448@famism.biz,Margot,Hogg
145,Banker,Tom_Nielson7612@naiker.biz,Tom,Nielson
146,Bellman,Jane_Olson6991@jiman.org,Jane,Olson
147,Restaurant Manager,Brad_Rothwell2771@tonsy.org,Brad,Rothwell
148,Executive Director,Clint_Cooper2087@irrepsy.com,Clint,Cooper
149,Systems Administrator,Cedrick_Brennan3253@guentu.biz,Cedrick,Brennan
150,Electrician,Mark_Kaur7078@deavo.com,Mark,Kaur
151,Cash Manager,Meredith_Snell1864@elnee.tech,Meredith,Snell
152,Cook,Vivian_Lynch7157@hourpy.biz,Vivian,Lynch
153,Electrician,Vivian_Ianson319@nickia.com,Vivian,Ianson
154,HR Coordinator,Sonya_Victor4776@irrepsy.com,Sonya,Victor
155,Restaurant Manager,Melanie_Mcleod5918@nanoff.biz,Melanie,Mcleod
156,Service Supervisor,Jack_Hobbs2237@vetan.org,Jack,Hobbs
157,Auditor,Mason_Thatcher2493@bretoux.com,Mason,Thatcher
158,Fabricator,Emery_Shields21@nanoff.biz,Emery,Shields
159,CNC Operator,Roger_King8082@qater.org,Roger,King
160,Dentist,Alba_Archer1000@twipet.com,Alba,Archer
161,Fabricator,Jayden_Quinn9210@gompie.com,Jayden,Quinn
162,Call Center Representative,Ron_John1739@famism.biz,Ron,John
163,Call Center Representative,Roger_Chappell9665@supunk.biz,Roger,Chappell
164,Accountant,Gina_Cameron6602@kideod.biz,Gina,Cameron
165,Cashier,Tom_Jones9112@gompie.com,Tom,Jones
166,Dentist,Julian_Cadman2615@vetan.org,Julian,Cadman
167,Operator,Macy_Tyrrell301@nickia.com,Macy,Tyrrell
168,Staffing Consultant,Jaylene_Wood2404@cispeto.com,Jaylene,Wood
169,Ambulatory Nurse,Doris_Giles48@yahoo.com,Doris,Giles
170,Restaurant Manager,Hannah_Jackson806@dionrab.com,Hannah,Jackson
171,Production Painter,Rick_Mitchell3746@nimogy.biz,Rick,Mitchell
172,Banker,Molly_Morgan4931@gompie.com,Molly,Morgan
173,Auditor,Nicholas_Gates9956@cispeto.com,Nicholas,Gates
174,Retail Trainee,Analise_Ballard4893@bretoux.com,Analise,Ballard
175,Banker,Tess_Brett8739@bretoux.com,Tess,Brett
176,Software Engineer,Denny_Myatt6875@twace.org,Denny,Myatt
177,Pharmacist,Camila_Allwood795@yahoo.com,Camila,Allwood
178,Bellman,Marina_Ballard5395@dionrab.com,Marina,Ballard
179,Webmaster,Jayden_Andrews4469@elnee.tech,Jayden,Andrews
180,Bookkeeper,Emma_Knight6352@bretoux.com,Emma,Knight
181,Loan Officer,Hayden_Shepherd3016@irrepsy.com,Hayden,Shepherd
182,Front Desk Coordinator,Tara_Vangness7133@corti.com,Tara,Vangness
183,Food Technologist,Mavis_Casey1515@brety.org,Mavis,Casey
184,IT Support Staff,Adalind_Martin8624@ovock.tech,Adalind,Martin
185,Service Supervisor,Freya_Needham9588@ubusive.com,Freya,Needham
186,Business Broker,Nate_Benson6027@deons.tech,Nate,Benson
187,Physician,Maria_Mason4918@dionrab.com,Maria,Mason
188,Banker,Selena_Hill1183@mafthy.com,Selena,Hill
189,Stockbroker,Erick_Roman7278@womeona.net,Erick,Roman
190,Designer,Nicholas_Evans1146@hourpy.biz,Nicholas,Evans
191,Physician,Kimberly_Cann4763@sheye.org,Kimberly,Cann
192,HR Coordinator,Liam_Dickson7373@bretoux.com,Liam,Dickson
193,Systems Administrator,Lauren_Stone4184@nimogy.biz,Lauren,Stone
194,Electrician,Boris_Eaton2939@corti.com,Boris,Eaton
195,Physician,Goldie_Speed1703@deavo.com,Goldie,Speed
196,Dentist,Lauren_Nash2734@deavo.com,Lauren,Nash
197,Food Technologist,Joy_Ward6869@kideod.biz,Joy,Ward
198,Mobile Developer,Kaylee_Anderson1163@eirey.tech,Kaylee,Anderson
199,Ambulatory Nurse,Ronald_Evans5608@yahoo.com,Ronald,Evans
200,Project Manager,Hadley_Redwood9476@irrepsy.com,Hadley,Redwood
201,Paramedic,Valerie_Shields3150@gembat.biz,Valerie,Shields
202,Lecturer,Ivy_Woodcock8852@yahoo.com,Ivy,Woodcock
203,Project Manager,Percy_Graham4393@eirey.tech,Percy,Graham
204,Cashier,Kassandra_Saunders3190@twipet.com,Kassandra,Saunders
205,Systems Administrator,Shelby_Butler7759@nickia.com,Shelby,Butler
206,Service Supervisor,Percy_Owen2736@muall.tech,Percy,Owen
207,Restaurant Manager,Charlotte_Blackburn245@typill.biz,Charlotte,Blackburn
208,Global Logistics Supervisor,Henry_Vane795@sheye.org,Henry,Vane
209,Budget Analyst,Brad_Sinclair1310@deons.tech,Brad,Sinclair
210,Insurance Broker,Oliver_Garner964@nanoff.biz,Oliver,Garner
211,Staffing Consultant,Ryan_Ballard7614@atink.com,Ryan,Ballard
212,CNC Operator,Doug_White4370@guentu.biz,Doug,White
213,Bookkeeper,Macy_Ellwood7883@gompie.com,Macy,Ellwood
214,Inspector,Johnathan_Baker4306@jiman.org,Johnathan,Baker
215,Restaurant Manager,Barney_Bishop5488@bretoux.com,Barney,Bishop
216,Food Technologist,Anne_Jenkins2871@eirey.tech,Anne,Jenkins
217,Cash Manager,Tom_Rogers352@sveldo.biz,Tom,Rogers
218,Software Engineer,Carl_Simpson4129@infotech44.tech,Carl,Simpson
219,Health Educator,Bristol_Dyson8789@sveldo.biz,Bristol,Dyson
220,HR Coordinator,Barry_Jackson2485@irrepsy.com,Barry,Jackson
221,Audiologist,Eduardo_Broomfield2588@sheye.org,Eduardo,Broomfield
222,HR Specialist,Chadwick_Johnson4380@supunk.biz,Chadwick,Johnson
223,Baker,Aurelia_Rogers1642@womeona.net,Aurelia,Rogers
224,Bookkeeper,Daniel_Gardner7535@sveldo.biz,Daniel,Gardner
225,Stockbroker,Jules_Dobson4513@jiman.org,Jules,Dobson
226,Health Educator,Denis_Rosenbloom1590@muall.tech,Denis,Rosenbloom
227,Staffing Consultant,Camila_Rogers9143@iatim.tech,Camila,Rogers
228,Baker,Phillip_Flack9331@famism.biz,Phillip,Flack
229,Webmaster,Isabel_Wilson4353@hourpy.biz,Isabel,Wilson
230,Call Center Representative,John_Attwood8117@sheye.org,John,Attwood
231,Designer,Barney_Roscoe1470@famism.biz,Barney,Roscoe
232,Investment Advisor,Chad_Pickard2151@nickia.com,Chad,Pickard
233,Laboratory Technician,Erin_Lloyd9926@sveldo.biz,Erin,Lloyd
234,Steward,Payton_Beal6610@jiman.org,Payton,Beal
235,Restaurant Manager,Rosemary_Irwin8362@guentu.biz,Rosemary,Irwin
236,HR Specialist,Anabel_Wilcox4903@naiker.biz,Anabel,Wilcox
237,Food Technologist,Nathan_Khan2546@hourpy.biz,Nathan,Khan
238,Health Educator,Judith_Yard7590@twipet.com,Judith,Yard
239,Operator,Harriet_Gray603@typill.biz,Harriet,Gray
240,Audiologist,Julius_Hope4509@atink.com,Julius,Hope
241,Web Developer,Marie_Fisher36@typill.biz,Marie,Fisher
242,Loan Officer,Jacob_Michael5024@atink.com,Jacob,Michael
243,IT Support Staff,William_Craig4834@gembat.biz,William,Craig
244,Service Supervisor,Carina_Wright1171@muall.tech,Carina,Wright
245,Production Painter,Angela_Stuart93@grannar.com,Angela,Stuart
246,Retail Trainee,Chris_Kelly2374@naiker.biz,Chris,Kelly
247,Stockbroker,Daniel_Kelly5710@guentu.biz,Daniel,Kelly
248,IT Support Staff,Samantha_Reynolds4857@kideod.biz,Samantha,Reynolds
249,Bellman,Lana_Ellery9078@liret.org,Lana,Ellery
250,Audiologist,Greta_Jennson8019@tonsy.org,Greta,Jennson
251,Web Developer,Summer_Reading4900@yahoo.com,Summer,Reading
252,Fabricator,Ellen_Olson3953@irrepsy.com,Ellen,Olson
253,Physician,Louise_Stuart4350@nickia.com,Louise,Stuart
254,Electrician,Erick_Tindall5756@typill.biz,Erick,Tindall
255,Banker,Mya_Brown7939@deons.tech,Mya,Brown
256,Doctor,Hazel_Yang8500@sveldo.biz,Hazel,Yang
257,Business Broker,Gabriel_Watson4518@typill.biz,Gabriel,Watson
258,Food Technologist,Chad_Kelly9268@infotech44.tech,Chad,Kelly
259,Doctor,Selena_Carson3954@mafthy.com,Selena,Carson
260,Audiologist,Erin_Page 5280@gmail.com,Erin,Page 
261,Ambulatory Nurse,Johnathan_Eastwood9421@supunk.biz,Johnathan,Eastwood
262,Fabricator,Michael_Clark9550@gembat.biz,Michael,Clark
263,Operator,Jayden_Bullock622@twace.org,Jayden,Bullock
264,Banker,Lucas_Isaac4392@joiniaa.com,Lucas,Isaac
265,Call Center Representative,John_Upton4298@deavo.com,John,Upton
266,CNC Operator,Chester_Allwood182@vetan.org,Chester,Allwood
267,Chef Manager,Eduardo_Dyson1630@extex.org,Eduardo,Dyson
268,Designer,Mike_Collis4711@bauros.biz,Mike,Collis
269,Machine Operator,Ronald_Turner6962@grannar.com,Ronald,Turner
270,Web Developer,Jacob_Kirby6444@womeona.net,Jacob,Kirby
271,Machine Operator,Ramon_Nash4094@naiker.biz,Ramon,Nash
272,Bookkeeper,Jacob_Randall9179@ubusive.com,Jacob,Randall
273,Stockbroker,Sebastian_Thatcher1194@eirey.tech,Sebastian,Thatcher
274,Cashier,Ronald_Yates5623@deavo.com,Ronald,Yates
275,HR Specialist,Gemma_Rycroft3912@liret.org,Gemma,Rycroft
276,Food Technologist,Martha_Ross1745@acrit.org,Martha,Ross
277,Machine Operator,Bart_Butler2165@nanoff.biz,Bart,Butler
278,Budget Analyst,Javier_Wigley9316@nimogy.biz,Javier,Wigley
279,Service Supervisor,Kurt_Vass8515@muall.tech,Kurt,Vass
280,Paramedic,Michael_Lakey8123@nimogy.biz,Michael,Lakey
281,HR Coordinator,Eden_Patel7953@gmail.com,Eden,Patel
282,Stockbroker,Hannah_Hopkins8452@jiman.org,Hannah,Hopkins
283,HR Coordinator,Chad_Watt7268@nimogy.biz,Chad,Watt
284,Dentist,Maxwell_Jones6280@cispeto.com,Maxwell,Jones
285,Project Manager,Celina_Vass4270@acrit.org,Celina,Vass
286,Web Developer,Liam_Slater873@ubusive.com,Liam,Slater
287,Ambulatory Nurse,Rocco_Ebbs1341@qater.org,Rocco,Ebbs
288,Laboratory Technician,Peyton_Wigley4633@typill.biz,Peyton,Wigley
289,HR Coordinator,Jack_Watson1795@iatim.tech,Jack,Watson
290,Inspector,Erick_Crawley4787@joiniaa.com,Erick,Crawley
291,Assistant Buyer,Chanelle_Upton592@deavo.com,Chanelle,Upton
292,Fabricator,Mona_Noon8815@hourpy.biz,Mona,Noon
293,Inspector,Mabel_Purvis632@nickia.com,Mabel,Purvis
294,Chef Manager,Gemma_Neville6006@brety.org,Gemma,Neville
295,Chef Manager,Carl_Redwood7543@bungar.biz,Carl,Redwood
296,Steward,Evie_Windsor2136@nanoff.biz,Evie,Windsor
297,Loan Officer,Gil_Hopkins6019@yahoo.com,Gil,Hopkins
298,Electrician,Adela_Vane5565@bauros.biz,Adela,Vane
299,Call Center Representative,Valerie_Radcliffe3476@supunk.biz,Valerie,Radcliffe
300,Mobile Developer,Chris_Thomson668@twace.org,Chris,Thomson
301,Physician,Angelica_Antcliff3763@gembat.biz,Angelica,Antcliff
302,Mobile Developer,Lucas_Jordan741@joiniaa.com,Lucas,Jordan
303,Stockbroker,Bernadette_Khan9016@famism.biz,Bernadette,Khan
304,Laboratory Technician,Sabina_Mitchell5081@jiman.org,Sabina,Mitchell
305,Staffing Consultant,Fred_Holt4403@nickia.com,Fred,Holt
306,Treasurer,Manuel_Edley775@sheye.org,Manuel,Edley
307,Steward,Enoch_Farrant4793@elnee.tech,Enoch,Farrant
308,Webmaster,Marvin_Santos4760@qater.org,Marvin,Santos
309,Clerk,Penelope_Samuel7579@eirey.tech,Penelope,Samuel
310,HR Specialist,Lucas_Evans4506@twipet.com,Lucas,Evans
311,Cashier,Moira_Beal7662@gompie.com,Moira,Beal
312,Budget Analyst,Florence_Tennant4898@bretoux.com,Florence,Tennant
313,Chef Manager,Chadwick_Farrow7130@cispeto.com,Chadwick,Farrow
314,Production Painter,Robyn_Hammond8735@twace.org,Robyn,Hammond
315,Systems Administrator,Robyn_Skinner3774@womeona.net,Robyn,Skinner
316,Assistant Buyer,Trisha_Yang2833@famism.biz,Trisha,Yang
317,Healthcare Specialist,Bryce_Noon455@zorer.org,Bryce,Noon
318,Investment Advisor,Danny_Mcgee2022@infotech44.tech,Danny,Mcgee
319,HR Specialist,Benjamin_Thomas3616@brety.org,Benjamin,Thomas
320,CNC Operator,William_Chester8965@corti.com,William,Chester
321,Call Center Representative,Rufus_Knight4241@liret.org,Rufus,Knight
322,CNC Operator,Rebecca_Wood9064@deavo.com,Rebecca,Wood
323,Food Technologist,Leroy_Ellis7381@guentu.biz,Leroy,Ellis
324,Production Painter,Irene_Pearce4919@brety.org,Irene,Pearce
325,Loan Officer,Stacy_Wheeler8439@bretoux.com,Stacy,Wheeler
326,Electrician,Tara_Allington7510@famism.biz,Tara,Allington
327,Staffing Consultant,Evie_Tyler8902@mafthy.com,Evie,Tyler
328,Software Engineer,Erica_Needham8646@elnee.tech,Erica,Needham
329,Accountant,Tony_Bailey1625@liret.org,Tony,Bailey
330,Assistant Buyer,Leslie_Partridge8798@bungar.biz,Leslie,Partridge
331,Systems Administrator,Henry_Welsch3427@eirey.tech,Henry,Welsch
332,Food Technologist,Charlize_Shaw8662@joiniaa.com,Charlize,Shaw
333,Baker,Chad_Burnley4162@naiker.biz,Chad,Burnley
334,Budget Analyst,Bart_Becker6387@famism.biz,Bart,Becker
335,Retail Trainee,Aisha_Drummond8812@bauros.biz,Aisha,Drummond
336,Systems Administrator,Adina_Campbell525@cispeto.com,Adina,Campbell
337,Ambulatory Nurse,Alan_Parker360@bretoux.com,Alan,Parker
338,Dentist,Isla_Glynn4821@ovock.tech,Isla,Glynn
339,Bellman,Belinda_Allen5495@deons.tech,Belinda,Allen
340,Biologist,Madison_Robinson4838@ovock.tech,Madison,Robinson
341,Physician,Cassandra_Mitchell4180@naiker.biz,Cassandra,Mitchell
342,Electrician,Cedrick_Ingham7766@supunk.biz,Cedrick,Ingham
343,Assistant Buyer,Julia_Roth706@fuliss.net,Julia,Roth
344,Electrician,Julian_Shepherd998@joiniaa.com,Julian,Shepherd
345,Steward,Eryn_Dempsey3741@gmail.com,Eryn,Dempsey
346,Call Center Representative,Oliver_Thatcher7704@ubusive.com,Oliver,Thatcher
347,Chef Manager,Marie_Lane7841@typill.biz,Marie,Lane
348,Cook,Carter_Redden3413@kideod.biz,Carter,Redden
349,IT Support Staff,Mackenzie_Fields9328@hourpy.biz,Mackenzie,Fields
350,Restaurant Manager,Chanelle_Lakey5060@extex.org,Chanelle,Lakey
351,Pharmacist,Josh_Gregory2774@eirey.tech,Josh,Gregory
352,Mobile Developer,Sylvia_Amstead2633@vetan.org,Sylvia,Amstead
353,Banker,Matthew_Mould196@bungar.biz,Matthew,Mould
354,Restaurant Manager,Rae_Ashwell626@bretoux.com,Rae,Ashwell
355,Mobile Developer,Chadwick_Jarvis3745@liret.org,Chadwick,Jarvis
356,Bookkeeper,Javier_Villiger9014@qater.org,Javier,Villiger
357,Accountant,Rufus_Grady7001@tonsy.org,Rufus,Grady
358,Cashier,Nathan_Wooldridge8774@supunk.biz,Nathan,Wooldridge
359,Food Technologist,Hailey_Rixon6950@brety.org,Hailey,Rixon
360,Ambulatory Nurse,Rylee_Vaughn204@ovock.tech,Rylee,Vaughn
361,Physician,Felicity_Logan6762@ovock.tech,Felicity,Logan
362,Operator,Moira_Gilmore4181@yahoo.com,Moira,Gilmore
363,Associate Professor,Russel_Hunt5778@nickia.com,Russel,Hunt
364,Audiologist,Caleb_Lynn6204@guentu.biz,Caleb,Lynn
365,Insurance Broker,Barney_Johnson1579@dionrab.com,Barney,Johnson
366,Assistant Buyer,Daniel_Emerson8473@kideod.biz,Daniel,Emerson
367,Bellman,Mya_Clifton7693@elnee.tech,Mya,Clifton
368,Pharmacist,Chadwick_Simpson878@bungar.biz,Chadwick,Simpson
369,Production Painter,Alan_Coleman2542@bretoux.com,Alan,Coleman
370,Investment Advisor,Goldie_Martin4520@muall.tech,Goldie,Martin
371,Webmaster,Valentina_Welsch4878@gmail.com,Valentina,Welsch
372,Associate Professor,Rylee_Malone2048@infotech44.tech,Rylee,Malone
373,Dentist,Celina_Jenkins3884@gmail.com,Celina,Jenkins
374,Food Technologist,Dani_Poole9769@muall.tech,Dani,Poole
375,Restaurant Manager,Alexa_Lloyd8204@vetan.org,Alexa,Lloyd
376,Retail Trainee,Harvey_Stone2836@nimogy.biz,Harvey,Stone
377,Software Engineer,Carla_Cooper6408@deons.tech,Carla,Cooper
378,Retail Trainee,Martin_Roman943@deons.tech,Martin,Roman
379,Staffing Consultant,Jack_Rust828@eirey.tech,Jack,Rust
380,Physician,Wade_Mcgregor3879@hourpy.biz,Wade,Mcgregor
381,Software Engineer,Oliver_Mcguire8976@extex.org,Oliver,Mcguire
382,Operator,Ellen_Lewis1240@bulaffy.com,Ellen,Lewis
383,Doctor,Daniel_Michael5907@cispeto.com,Daniel,Michael
384,Biologist,Amy_Brown8394@nanoff.biz,Amy,Brown
385,Associate Professor,Nicholas_Mitchell4164@elnee.tech,Nicholas,Mitchell
386,Fabricator,Caleb_Gunn867@joiniaa.com,Caleb,Gunn
387,Budget Analyst,Chloe_Robertson1699@irrepsy.com,Chloe,Robertson
388,Assistant Buyer,Owen_Vinton267@qater.org,Owen,Vinton
389,Bellman,Gil_Ellis6463@eirey.tech,Gil,Ellis
390,Banker,Benny_Cunningham8901@ubusive.com,Benny,Cunningham
391,Retail Trainee,Angel_Moreno7769@elnee.tech,Angel,Moreno
392,Software Engineer,Crystal_Glass1378@gompie.com,Crystal,Glass
393,Biologist,Ramon_Walsh817@guentu.biz,Ramon,Walsh
394,Treasurer,Nate_Asher4451@gembat.biz,Nate,Asher
395,Retail Trainee,Tara_Wright5082@elnee.tech,Tara,Wright
396,Business Broker,Chelsea_Richardson6895@grannar.com,Chelsea,Richardson
397,Systems Administrator,Rick_Dale6624@gembat.biz,Rick,Dale
398,Inspector,Madelyn_Egerton315@elnee.tech,Madelyn,Egerton
399,Web Developer,Jack_Lyon9791@naiker.biz,Jack,Lyon
400,Accountant,Caleb_Allen248@extex.org,Caleb,Allen
401,Staffing Consultant,Kieth_Grady5734@tonsy.org,Kieth,Grady
402,Lecturer,Harry_Simpson6448@guentu.biz,Harry,Simpson
403,Physician,Susan_Mcneill525@twace.org,Susan,Mcneill
404,Biologist,Hank_Richards3040@fuliss.net,Hank,Richards
405,Doctor,Bob_Victor658@sveldo.biz,Bob,Victor
406,Banker,Marvin_Collingwood2955@tonsy.org,Marvin,Collingwood
407,Banker,Karen_Thomas1668@joiniaa.com,Karen,Thomas
408,Staffing Consultant,Cedrick_Shields6875@bauros.biz,Cedrick,Shields
409,Electrician,Zara_Simmons1876@deons.tech,Zara,Simmons
410,Pharmacist,Rihanna_May6100@iatim.tech,Rihanna,May
411,Cook,Chelsea_Cunningham3021@atink.com,Chelsea,Cunningham
412,Bellman,Mike_Pierce3068@gmail.com,Mike,Pierce
413,Healthcare Specialist,Jack_Campbell5496@liret.org,Jack,Campbell
414,Call Center Representative,Rick_Hood9627@womeona.net,Rick,Hood
415,Insurance Broker,Martin_Dann7492@jiman.org,Martin,Dann
416,Cashier,Mary_Summers5869@guentu.biz,Mary,Summers
417,Fabricator,Tom_Lewin6227@famism.biz,Tom,Lewin
418,Front Desk Coordinator,Fred_Harris7355@elnee.tech,Fred,Harris
419,Stockbroker,Mara_Sawyer4063@bretoux.com,Mara,Sawyer
420,Global Logistics Supervisor,Adalie_Malone2211@atink.com,Adalie,Malone
421,Accountant,Phoebe_Kennedy9296@ovock.tech,Phoebe,Kennedy
422,Fabricator,Jacqueline_Harris6480@brety.org,Jacqueline,Harris
423,Paramedic,Alan_Dyson8821@gembat.biz,Alan,Dyson
424,Restaurant Manager,Bob_Osmond8077@joiniaa.com,Bob,Osmond
425,Software Engineer,Paige_Stewart8792@kideod.biz,Paige,Stewart
426,Inspector,Aiden_Plant7339@bauros.biz,Aiden,Plant
427,Operator,Ruby_Ingham1334@gompie.com,Ruby,Ingham
428,CNC Operator,Agnes_Oatway803@bauros.biz,Agnes,Oatway
429,Accountant,Violet_Mccormick1579@eirey.tech,Violet,Mccormick
430,CNC Operator,Andrea_Edley9218@deons.tech,Andrea,Edley
431,Restaurant Manager,Matt_Wilkinson1129@nickia.com,Matt,Wilkinson
432,Bellman,Mike_Woodcock3690@grannar.com,Mike,Woodcock
433,Steward,Julia_Walsh8186@qater.org,Julia,Walsh
434,Retail Trainee,Boris_Whittle2205@brety.org,Boris,Whittle
435,Health Educator,Denis_Harper5284@deavo.com,Denis,Harper
436,Accountant,Peter_Dixon1432@famism.biz,Peter,Dixon
437,Biologist,Rylee_Crawford777@zorer.org,Rylee,Crawford
438,Call Center Representative,Penelope_Briggs775@bauros.biz,Penelope,Briggs
439,Operator,Lana_Reyes6818@mafthy.com,Lana,Reyes
440,Mobile Developer,Colleen_Alcroft3830@corti.com,Colleen,Alcroft
441,Cook,Adalie_Jefferson4741@brety.org,Adalie,Jefferson
442,Retail Trainee,Marie_Edler8646@extex.org,Marie,Edler
443,Loan Officer,Caleb_Jordan6729@nimogy.biz,Caleb,Jordan
444,IT Support Staff,Lynn_Gilmore3041@fuliss.net,Lynn,Gilmore
445,Pharmacist,Manuel_Dale4738@bungar.biz,Manuel,Dale
446,Accountant,Joseph_Miller7792@atink.com,Joseph,Miller
447,Service Supervisor,Chuck_Overson4273@vetan.org,Chuck,Overson
448,Pharmacist,Bob_Richards1244@iatim.tech,Bob,Richards
449,Service Supervisor,Ally_Anderson9200@famism.biz,Ally,Anderson
450,Design Engineer,Matthew_Graham5643@vetan.org,Matthew,Graham
451,Bellman,Mike_Warner5248@typill.biz,Mike,Warner
452,CNC Operator,Erick_Simpson4167@typill.biz,Erick,Simpson
453,Biologist,Adeline_Alcroft6126@ovock.tech,Adeline,Alcroft
454,Inspector,Aiden_Parr94@kideod.biz,Aiden,Parr
455,Software Engineer,Eve_Morgan7234@typill.biz,Eve,Morgan
456,Audiologist,Hope_Silva8081@naiker.biz,Hope,Silva
457,Insurance Broker,Chad_Bryant1614@nanoff.biz,Chad,Bryant
458,Staffing Consultant,Holly_Gosling9449@jiman.org,Holly,Gosling
459,Systems Administrator,Benjamin_Morris4652@sveldo.biz,Benjamin,Morris
460,Clerk,Barry_Grady3227@sheye.org,Barry,Grady
461,Paramedic,Erick_Stanley7661@bungar.biz,Erick,Stanley
462,Food Technologist,Julius_Wright7026@typill.biz,Julius,Wright
463,Design Engineer,Camila_Lindop817@elnee.tech,Camila,Lindop
464,Restaurant Manager,Johnny_Yarlett5847@qater.org,Johnny,Yarlett
465,Executive Director,Georgia_Rogers1983@typill.biz,Georgia,Rogers
466,Systems Administrator,Moira_Welsch2380@hourpy.biz,Moira,Welsch
467,Insurance Broker,Lucas_Woods3888@naiker.biz,Lucas,Woods
468,Doctor,Elijah_Stone9334@sheye.org,Elijah,Stone
469,Software Engineer,Nina_Hill8725@womeona.net,Nina,Hill
470,Global Logistics Supervisor,Martin_Saunders9796@fuliss.net,Martin,Saunders
471,Mobile Developer,Teagan_Hilton3329@irrepsy.com,Teagan,Hilton
472,Budget Analyst,Lucas_Harris9444@elnee.tech,Lucas,Harris
473,Stockbroker,John_Pond3314@qater.org,John,Pond
474,HR Specialist,Olivia_Trent9825@muall.tech,Olivia,Trent
475,Doctor,Nick_Price186@nickia.com,Nick,Price
476,Banker,Harvey_Asher3794@gompie.com,Harvey,Asher
477,Fabricator,Mabel_Jarvis5638@bulaffy.com,Mabel,Jarvis
478,Insurance Broker,Mason_Garcia2067@muall.tech,Mason,Garcia
479,Laboratory Technician,Fred_Adams5631@yahoo.com,Fred,Adams
480,Budget Analyst,Daphne_Farmer3715@tonsy.org,Daphne,Farmer
481,Associate Professor,Kieth_Ogilvy6576@tonsy.org,Kieth,Ogilvy
482,Cashier,Rick_Olivier7361@gembat.biz,Rick,Olivier
483,Associate Professor,Victoria_Flynn4751@elnee.tech,Victoria,Flynn
484,Restaurant Manager,Marigold_Hale17@sheye.org,Marigold,Hale
485,Banker,Josephine_Kelly2123@dionrab.com,Josephine,Kelly
486,HR Coordinator,Taylor_Stewart2261@bretoux.com,Taylor,Stewart
487,Ambulatory Nurse,Jayden_Collis2312@famism.biz,Jayden,Collis
488,Systems Administrator,Percy_Morgan2829@iatim.tech,Percy,Morgan
489,Clerk,Nate_Steer890@corti.com,Nate,Steer
490,HR Coordinator,Gabriel_Stewart137@jiman.org,Gabriel,Stewart
491,Webmaster,Roger_Fox8444@ovock.tech,Roger,Fox
492,Web Developer,Stella_Gordon9271@bulaffy.com,Stella,Gordon
493,Ambulatory Nurse,Alba_Mcgregor4825@sveldo.biz,Alba,Mcgregor
494,Food Technologist,Carter_Moore7249@nimogy.biz,Carter,Moore
495,Ambulatory Nurse,Rosalie_Farrell5932@yahoo.com,Rosalie,Farrell
496,Call Center Representative,Nick_Knott1663@hourpy.biz,Nick,Knott
497,Chef Manager,Janice_Bennett1992@twipet.com,Janice,Bennett
498,Machine Operator,Paula_Snell1213@deavo.com,Paula,Snell
499,Accountant,Daron_Willis3351@gmail.com,Daron,Willis
500,Cook,Nate_Edler5909@elnee.tech,Nate,Edler