ID,Job Title,Email Address,FirstName,LastName
1,Associate Professor,Rufus_Radcliffe7175@gompie.com,Rufus,Radcliffe
2,IT Support Staff,Paula_Clark9398@mafthy.com,Paula,Clark
3,Baker,Morgan_York8712@gompie.com,Morgan,York
4,Designer,Julian_Jarvis7769@bungar.biz,Julian,Jarvis
5,Lecturer,Denny_Kelly8872@cispeto.com,Denny,Kelly
6,Executive Director,Rylee_Douglas7165@sheye.org,Rylee,Douglas
7,Designer,Elijah_Snow4951@elnee.tech,Elijah,Snow
8,Cash Manager,Denis_Samuel2067@hourpy.biz,Denis,Samuel
9,Budget Analyst,Elena_Kennedy7166@nickia.com,Elena,Kennedy
10,Systems Administrator,Clint_Kennedy6959@grannar.com,Clint,Kennedy
11,Machine Operator,Anthony_Lynn1344@muall.tech,Anthony,Lynn
12,Staffing Consultant,Marilyn_Howard5673@bretoux.com,Marilyn,Howard
13,Retail Trainee,Nick_Bell7171@extex.org,Nick,Bell
14,Associate Professor,Cedrick_Kidd8628@nanoff.biz,Cedrick,Kidd
15,Design Engineer,George_King1370@liret.org,George,King
16,Web Developer,Oliver_Oatway8067@twipet.com,Oliver,Oatway
17,Production Painter,Ryan_Hunt4126@ovock.tech,Ryan,Hunt
18,Bellman,Chanelle_Williams2071@gmail.com,Chanelle,Williams
19,Fabricator,Owen_Wigley1348@corti.com,Owen,Wigley
20,Physician,Celia_Aldridge4584@cispeto.com,Celia,Aldridge
21,Auditor,Roger_Watson349@grannar.com,Roger,Watson
22,Audiologist,Angela_Gregory9281@mafthy.com,Angela,Gregory
23,Business Broker,Percy_Warner8740@supunk.biz,Percy,Warner
24,Paramedic,Bree_Gates4389@liret.org,Bree,Gates
25,Health Educator,Daphne_Rowlands2822@acrit.org,Daphne,Rowlands
26,Paramedic,Isla_Roberts5080@bretoux.com,Isla,Roberts
27,Mobile Developer,Chester_Swan7244@ubusive.com,Chester,Swan
28,Dentist,Johnathan_Lynn1623@brety.org,Johnathan,Lynn
29,Paramedic,Laila_Nash3730@gompie.com,Laila,Nash
30,Dentist,Alma_Gonzales3577@corti.com,Alma,Gonzales
31,Cashier,Julian_Trent5831@qater.org,Julian,Trent
32,Loan Officer,Tom_Knott550@fuliss.net,Tom,Knott
33,Executive Director,Rufus_Wigley2074@gmail.com,Rufus,Wigley
34,Front Desk Coordinator,Bart_Bristow6761@infotech44.tech,Bart,Bristow
35,Biologist,Sloane_Hooper1066@mafthy.com,Sloane,Hooper
36,IT Support Staff,Aiden_Jordan969@yahoo.com,Aiden,Jordan
37,Retail Trainee,Isabella_Henderson5925@typill.biz,Isabella,Henderson
38,Software Engineer,Maxwell_Durrant9169@bauros.biz,Maxwell,Durrant
39,Food Technologist,Doug_Tyler4091@guentu.biz,Doug,Tyler
40,Associate Professor,Jocelyn_Powell8586@supunk.biz,Jocelyn,Powell
41,Budget Analyst,Aisha_Fall6900@supunk.biz,Aisha,Fall
42,Food Technologist,Enoch_Stone147@gembat.biz,Enoch,Stone
43,HR Specialist,Louise_Murphy6724@elnee.tech,Louise,Murphy
44,Banker,Beatrice_Tutton8697@grannar.com,Beatrice,Tutton
45,Doctor,Stephanie_Campbell3381@sveldo.biz,Stephanie,Campbell
46,Pharmacist,Hank_Lewin9370@gompie.com,Hank,Lewin
47,Mobile Developer,Kieth_Riley4631@infotech44.tech,Kieth,Riley
48,Baker,Kendra_Sanchez5549@tonsy.org,Kendra,Sanchez
49,HR Coordinator,Karen_Wright4459@naiker.biz,Karen,Wright
50,Cashier,Tiffany_Osman2922@atink.com,Tiffany,Osman
51,Pharmacist,Amelia_Salt7619@muall.tech,Amelia,Salt
52,CNC Operator,Sadie_Forester323@sheye.org,Sadie,Forester
53,Call Center Representative,Camila_Adams7184@grannar.com,Camila,Adams
54,Webmaster,Jolene_Parker7025@twipet.com,Jolene,Parker
55,Audiologist,Mark_Ryan5590@infotech44.tech,Mark,Ryan
56,Dentist,Vera_Booth2289@typill.biz,Vera,Booth
57,Bellman,Caitlyn_Rosenbloom4852@famism.biz,Caitlyn,Rosenbloom
58,Staffing Consultant,Hadley_Myatt5250@fuliss.net,Hadley,Myatt
59,Software Engineer,Joseph_Greenwood6321@gembat.biz,Joseph,Greenwood
60,Designer,Rocco_Connor3292@brety.org,Rocco,Connor
61,Mobile Developer,Melinda_Drew5170@womeona.net,Melinda,Drew
62,Auditor,Kendra_Palmer4581@dionrab.com,Kendra,Palmer
63,Healthcare Specialist,Isabella_Harris9806@womeona.net,Isabella,Harris
64,Paramedic,Percy_Andrews5511@yahoo.com,Percy,Andrews
65,Assistant Buyer,Benny_Beal6436@bretoux.com,Benny,Beal
66,CNC Operator,Ruth_Walker7645@gembat.biz,Ruth,Walker
67,Cook,Evie_Bristow1491@muall.tech,Evie,Bristow
68,Banker,David_Reese1891@bungar.biz,David,Reese
69,Electrician,Bob_King145@acrit.org,Bob,King
70,Health Educator,Mavis_Coates2415@extex.org,Mavis,Coates
71,Auditor,Abdul_Ripley6041@womeona.net,Abdul,Ripley
72,Dentist,Roger_Jarrett736@bretoux.com,Roger,Jarrett
73,Inspector,Jane_Bell4138@atink.com,Jane,Bell
74,Web Developer,Rosalyn_Saunders9445@bauros.biz,Rosalyn,Saunders
75,Doctor,Jacob_Verdon6209@nimogy.biz,Jacob,Verdon
76,Doctor,Russel_Eagle6817@tonsy.org,Russel,Eagle
77,Laboratory Technician,Joy_Wilkinson4730@fuliss.net,Joy,Wilkinson
78,Dentist,Julian_Veale9598@naiker.biz,Julian,Veale
79,Business Broker,Mike_Lloyd1561@fuliss.net,Mike,Lloyd
80,Stockbroker,Alexa_Saunders6767@corti.com,Alexa,Saunders
81,HR Specialist,Harry_Anderson4870@fuliss.net,Harry,Anderson
82,Web Developer,Angela_Latham7987@bretoux.com,Angela,Latham
83,Designer,William_Parsons448@twace.org,William,Parsons
84,CNC Operator,Angelica_Warren486@vetan.org,Angelica,Warren
85,Project Manager,Jules_Yang6299@corti.com,Jules,Yang
86,Machine Operator,Anais_Johnson5944@twipet.com,Anais,Johnson
87,Bellman,Gabriel_Varley2759@extex.org,Gabriel,Varley
88,Dentist,Tyler_Miller9767@sveldo.biz,Tyler,Miller
89,Dentist,Hank_Collingwood3854@ovock.tech,Hank,Collingwood
90,Systems Administrator,Makena_Holt1148@irrepsy.com,Makena,Holt
91,CNC Operator,Candice_Jacobs8277@brety.org,Candice,Jacobs
92,Web Developer,Rihanna_Camden1600@infotech44.tech,Rihanna,Camden
93,Bookkeeper,Rae_Shaw7395@eirey.tech,Rae,Shaw
94,Systems Administrator,Jade_Pope4794@muall.tech,Jade,Pope
95,Designer,Cedrick_Higgs9527@joiniaa.com,Cedrick,Higgs
96,Pharmacist,Manuel_Power6632@corti.com,Manuel,Power
97,Call Center Representative,Bryon_Clark9769@tonsy.org,Bryon,Clark
98,Bellman,Harry_Leigh1718@gembat.biz,Harry,Leigh
99,Budget Analyst,Judith_Cooper2216@dionrab.com,Judith,Cooper
100,Auditor,Janice_Bright6083@tonsy.org,Janice,Bright
101,IT Support Staff,Dorothy_Utterson7263@atink.com,Dorothy,Utterson
102,Health Educator,Oliver_Knott5380@nanoff.biz,Oliver,Knott
103,Web Developer,Destiny_Reid6537@gompie.com,Destiny,Reid
104,Fabricator,Ryan_Sherwood2004@corti.com,Ryan,Sherwood
105,Pharmacist,Aisha_Oliver6893@eirey.tech,Aisha,Oliver
106,Bellman,David_Hepburn3836@naiker.biz,David,Hepburn
107,Accountant,Sabina_Pickard1876@yahoo.com,Sabina,Pickard
108,Design Engineer,Summer_Isaac8122@atink.com,Summer,Isaac
109,HR Coordinator,Vanessa_Mccall5418@mafthy.com,Vanessa,Mccall
110,Associate Professor,Leilani_Lynn4032@joiniaa.com,Leilani,Lynn
111,Design Engineer,Rebecca_Saunders7469@tonsy.org,Rebecca,Saunders
112,Dentist,Sylvia_Drew1302@bauros.biz,Sylvia,Drew
113,Cash Manager,Andrea_Saunders6410@ovock.tech,Andrea,Saunders
114,Bookkeeper,Mason_Uddin9410@acrit.org,Mason,Uddin
115,Cashier,Monica_Jefferson3350@bretoux.com,Monica,Jefferson
116,Retail Trainee,Hadley_Baker6956@guentu.biz,Hadley,Baker
117,Call Center Representative,Tess_Wood9248@yahoo.com,Tess,Wood
118,Treasurer,Carolyn_Vollans187@liret.org,Carolyn,Vollans
119,Restaurant Manager,Piper_Riley80@tonsy.org,Piper,Riley
120,Designer,Owen_Phillips1398@deons.tech,Owen,Phillips
121,Health Educator,Bridget_Morley9184@ubusive.com,Bridget,Morley
122,IT Support Staff,John_Avery6725@corti.com,John,Avery
123,Software Engineer,Abdul_Farrell7196@sheye.org,Abdul,Farrell
124,Assistant Buyer,Abbey_Swift4187@bungar.biz,Abbey,Swift
125,Dentist,Jayden_Vollans8019@liret.org,Jayden,Vollans
126,Dentist,Chuck_Boden3538@jiman.org,Chuck,Boden
127,Bellman,Gloria_Poulton1604@bretoux.com,Gloria,Poulton
128,Fabricator,Matthew_Powell5916@bungar.biz,Matthew,Powell
129,Accountant,Sabina_Goodman6942@dionrab.com,Sabina,Goodman
130,Healthcare Specialist,Gil_Lane668@guentu.biz,Gil,Lane
131,Biologist,Emery_Morrison2971@womeona.net,Emery,Morrison
132,Pharmacist,Valentina_Whatson5472@supunk.biz,Valentina,Whatson
133,Cashier,Gabriel_Uttley551@atink.com,Gabriel,Uttley
134,Cash Manager,Janelle_Antcliff6403@nanoff.biz,Janelle,Antcliff
135,Software Engineer,Enoch_Hogg4825@twipet.com,Enoch,Hogg
136,Audiologist,Jamie_Rose7757@qater.org,Jamie,Rose
137,Inspector,Roger_Higgs1281@bretoux.com,Roger,Higgs
138,Webmaster,Johnathan_Nicholls4843@yahoo.com,Johnathan,Nicholls
139,Electrician,Kurt_Whitmore6826@iatim.tech,Kurt,Whitmore
140,Cook,Denis_Weatcroft6836@ubusive.com,Denis,Weatcroft
141,Fabricator,Helen_Matthews9111@yahoo.com,Helen,Matthews
142,Doctor,Skylar_Parker8131@gmail.com,Skylar,Parker
143,Steward,Blake_Franks9971@sveldo.biz,Blake,Franks
144,Physician,Ellen_Clarkson9825@acrit.org,Ellen,Clarkson
145,Chef Manager,Amelia_Yang77@grannar.com,Amelia,Yang
146,Cash Manager,Cherish_Knight2406@yahoo.com,Cherish,Knight
147,Mobile Developer,Joy_Price8564@fuliss.net,Joy,Price
148,Operator,Tess_Bradshaw4103@eirey.tech,Tess,Bradshaw
149,Banker,Caleb_Squire4072@supunk.biz,Caleb,Squire
150,Global Logistics Supervisor,Noah_Warren702@gmail.com,Noah,Warren
151,Business Broker,Summer_Shaw9294@infotech44.tech,Summer,Shaw
152,Auditor,Cynthia_Murray2738@famism.biz,Cynthia,Murray
153,Project Manager,Henry_Stanton2598@liret.org,Henry,Stanton
154,IT Support Staff,Summer_Lynch9420@guentu.biz,Summer,Lynch
155,Doctor,Sabina_Butler347@ubusive.com,Sabina,Butler
156,Design Engineer,Quinn_Ebbs9969@typill.biz,Quinn,Ebbs
157,Physician,Rae_Edmonds122@ovock.tech,Rae,Edmonds
158,Banker,Liv_Kelly927@tonsy.org,Liv,Kelly
159,HR Specialist,Fred_Fox5394@brety.org,Fred,Fox
160,Project Manager,Cecilia_Lloyd8788@irrepsy.com,Cecilia,Lloyd
161,Retail Trainee,Cedrick_Roscoe4646@ubusive.com,Cedrick,Roscoe
162,Inspector,Tom_Underhill5694@eirey.tech,Tom,Underhill
163,Paramedic,Emma_Sherry625@guentu.biz,Emma,Sherry
164,Software Engineer,Nate_Grey8015@hourpy.biz,Nate,Grey
165,Biologist,Liam_Widdows4239@yahoo.com,Liam,Widdows
166,Project Manager,Cedrick_Edwards9461@atink.com,Cedrick,Edwards
167,Investment Advisor,Josh_Barrett8441@kideod.biz,Josh,Barrett
168,Business Broker,Valerie_Needham1242@bulaffy.com,Valerie,Needham
169,Restaurant Manager,Chloe_Pierce6811@hourpy.biz,Chloe,Pierce
170,Pharmacist,Brad_Yates7066@gembat.biz,Brad,Yates
171,Banker,Percy_Payne595@kideod.biz,Percy,Payne
172,Biologist,Matthew_Harris7773@bulaffy.com,Matthew,Harris
173,Assistant Buyer,Doug_Nelson3413@bauros.biz,Doug,Nelson
174,Executive Director,Daniel_Spencer4999@corti.com,Daniel,Spencer
175,Front Desk Coordinator,Ramon_Clarkson2664@bretoux.com,Ramon,Clarkson
176,Bellman,Claire_Mackenzie8257@twace.org,Claire,Mackenzie
177,Accountant,Amy_Darcy3203@elnee.tech,Amy,Darcy
178,Web Developer,Caitlyn_Allen1540@ubusive.com,Caitlyn,Allen
179,Laboratory Technician,Bryce_Miller3593@nimogy.biz,Bryce,Miller
180,Physician,Percy_Cassidy333@brety.org,Percy,Cassidy
181,Production Painter,Nicholas_Hunt107@mafthy.com,Nicholas,Hunt
182,Fabricator,Scarlett_Turner6576@liret.org,Scarlett,Turner
183,Biologist,Dalia_Snow9469@yahoo.com,Dalia,Snow
184,Banker,Anais_Little7625@muall.tech,Anais,Little
185,Dentist,Ronald_Reyes7168@nickia.com,Ronald,Reyes
186,Stockbroker,Mason_James4926@deavo.com,Mason,James
187,Bookkeeper,Alan_Scott7624@gembat.biz,Alan,Scott
188,Production Painter,Freya_Lyon9466@jiman.org,Freya,Lyon
189,Operator,Joseph_Hobbs3909@gembat.biz,Joseph,Hobbs
190,Laboratory Technician,Livia_Cowan2092@eirey.tech,Livia,Cowan
191,Call Center Representative,Nina_Keys6495@famism.biz,Nina,Keys
192,Stockbroker,Ron_Verdon5470@sveldo.biz,Ron,Verdon
193,Banker,Diane_Carter1681@iatim.tech,Diane,Carter
194,Ambulatory Nurse,Liam_Stewart5302@deons.tech,Liam,Stewart
195,Associate Professor,Shay_Myatt6887@nickia.com,Shay,Myatt
196,Pharmacist,Wade_King3437@hourpy.biz,Wade,King
197,Paramedic,Isabel_Maxwell5883@grannar.com,Isabel,Maxwell
198,Loan Officer,Daron_Spencer1375@atink.com,Daron,Spencer
199,IT Support Staff,Jack_Hopkinson5812@atink.com,Jack,Hopkinson
200,Doctor,Mark_Pearson6890@sheye.org,Mark,Pearson
201,Fabricator,Sebastian_Rogan6433@iatim.tech,Sebastian,Rogan
202,Production Painter,Erick_Woodley900@deavo.com,Erick,Woodley
203,Steward,Sienna_Sherwood7430@twipet.com,Sienna,Sherwood
204,Global Logistics Supervisor,Scarlett_Robinson88@grannar.com,Scarlett,Robinson
205,Auditor,Lucas_Mason3185@brety.org,Lucas,Mason
206,Associate Professor,Mike_Upsdell5292@corti.com,Mike,Upsdell
207,Executive Director,Ethan_Cooper8804@joiniaa.com,Ethan,Cooper
208,Biologist,Alessia_Underhill288@nickia.com,Alessia,Underhill
209,Chef Manager,Daniel_Nash5353@kideod.biz,Daniel,Nash
210,Paramedic,Rick_Wallace3672@ovock.tech,Rick,Wallace
211,Systems Administrator,Mya_Addley8116@irrepsy.com,Mya,Addley
212,Cashier,Moira_Fall9658@bretoux.com,Moira,Fall
213,Associate Professor,Elijah_Farrow4222@twace.org,Elijah,Farrow
214,Electrician,Angelica_Zaoui1354@womeona.net,Angelica,Zaoui
215,Biologist,Jack_Phillips4796@liret.org,Jack,Phillips
216,Production Painter,Jenna_Gibbons6249@muall.tech,Jenna,Gibbons
217,Physician,Crystal_Flett9533@acrit.org,Crystal,Flett
218,Cash Manager,Darlene_James5458@bulaffy.com,Darlene,James
219,Software Engineer,Domenic_Ranks3041@sheye.org,Domenic,Ranks
220,Lecturer,Ethan_Niles2013@ubusive.com,Ethan,Niles
221,Banker,Nate_Sherwood219@nickia.com,Nate,Sherwood
222,Food Technologist,Cadence_Squire1083@sheye.org,Cadence,Squire
223,Budget Analyst,Jacob_Slater2383@grannar.com,Jacob,Slater
224,Loan Officer,Tyson_Wright560@womeona.net,Tyson,Wright
225,Machine Operator,Christy_Hamilton8435@iatim.tech,Christy,Hamilton
226,Auditor,Sylvia_Long5701@joiniaa.com,Sylvia,Long
227,Design Engineer,Tyler_Dale474@vetan.org,Tyler,Dale
228,HR Coordinator,Oliver_Tanner5079@mafthy.com,Oliver,Tanner
229,Designer,Raquel_Randall1253@twipet.com,Raquel,Randall
230,Stockbroker,Melody_Jarrett7436@nimogy.biz,Melody,Jarrett
231,Investment Advisor,Tom_Duvall8004@gembat.biz,Tom,Duvall
232,HR Coordinator,Robyn_Rigg6095@dionrab.com,Robyn,Rigg
233,Treasurer,Gladys_Robertson1500@liret.org,Gladys,Robertson
234,Loan Officer,Elle_Warren4233@gompie.com,Elle,Warren
235,HR Coordinator,Aeris_Ralph2871@nickia.com,Aeris,Ralph
236,Designer,Mya_Simpson9639@liret.org,Mya,Simpson
237,Front Desk Coordinator,Angelina_Ashley6817@mafthy.com,Angelina,Ashley
238,Healthcare Specialist,Angelina_Smith8424@eirey.tech,Angelina,Smith
239,Systems Administrator,Bob_Rixon5939@gompie.com,Bob,Rixon
240,Call Center Representative,Mark_Graham2558@kideod.biz,Mark,Graham
241,Bookkeeper,Barry_Ellison1977@ubusive.com,Barry,Ellison
242,Biologist,Doug_Abbey9461@acrit.org,Doug,Abbey
243,Physician,Ada_Andrews9325@sheye.org,Ada,Andrews
244,Food Technologist,Benjamin_Paterson7010@cispeto.com,Benjamin,Paterson
245,HR Coordinator,Chuck_Ashwell6620@acrit.org,Chuck,Ashwell
246,Investment Advisor,Lillian_Evans6804@gembat.biz,Lillian,Evans
247,Web Developer,Nate_Beal8905@qater.org,Nate,Beal
248,Webmaster,Maddison_Rust2256@deavo.com,Maddison,Rust
249,Clerk,Priscilla_Downing4325@fuliss.net,Priscilla,Downing
250,Dentist,Barney_Harris2179@fuliss.net,Barney,Harris
251,Front Desk Coordinator,Julian_Rogan9514@elnee.tech,Julian,Rogan
252,Software Engineer,Leroy_Jeffery8132@gmail.com,Leroy,Jeffery
253,Accountant,Gemma_Kelly6392@iatim.tech,Gemma,Kelly
254,IT Support Staff,Ron_Exton4131@bretoux.com,Ron,Exton
255,Restaurant Manager,Joyce_Willis1265@fuliss.net,Joyce,Willis
256,Production Painter,Mina_Willis1729@gompie.com,Mina,Willis
257,Food Technologist,Isabella_Farrell6201@sheye.org,Isabella,Farrell
258,Biologist,Rylee_Bristow3387@jiman.org,Rylee,Bristow
259,Project Manager,Tom_Gregory565@vetan.org,Tom,Gregory
260,Food Technologist,Natalie_Ralph8228@infotech44.tech,Natalie,Ralph
261,Treasurer,Robyn_Patel5994@tonsy.org,Robyn,Patel
262,Laboratory Technician,Ramon_Blackburn9249@mafthy.com,Ramon,Blackburn
263,Accountant,Lucas_Duvall3370@joiniaa.com,Lucas,Duvall
264,IT Support Staff,Ada_Denton4307@ubusive.com,Ada,Denton
265,IT Support Staff,Payton_Harrison7755@famism.biz,Payton,Harrison
266,HR Specialist,Moira_Palmer7762@twipet.com,Moira,Palmer
267,Inspector,Mark_Baldwin5406@guentu.biz,Mark,Baldwin
268,Baker,Rick_Reid1118@mafthy.com,Rick,Reid
269,Audiologist,Wade_Robertson5848@typill.biz,Wade,Robertson
270,Healthcare Specialist,Gabriel_Osman1221@muall.tech,Gabriel,Osman
271,Physician,Christy_Campbell3367@grannar.com,Christy,Campbell
272,Pharmacist,Barry_Moore4872@guentu.biz,Barry,Moore
273,HR Specialist,Candace_Kent4263@nanoff.biz,Candace,Kent
274,Doctor,Callie_Gray2994@bretoux.com,Callie,Gray
275,Physician,Ron_Young3023@deavo.com,Ron,Young
276,Budget Analyst,Elise_Warner5477@womeona.net,Elise,Warner
277,Chef Manager,Nicole_Hopkinson3235@guentu.biz,Nicole,Hopkinson
278,Retail Trainee,Tony_Tutton6633@sveldo.biz,Tony,Tutton
279,Health Educator,Maggie_Flett6715@gompie.com,Maggie,Flett
280,Webmaster,Daniel_Quinton826@bulaffy.com,Daniel,Quinton
281,Cook,Dakota_Jackson5621@twipet.com,Dakota,Jackson
282,Healthcare Specialist,Bryon_Gunn3836@fuliss.net,Bryon,Gunn
283,CNC Operator,Angelica_Larkin2093@naiker.biz,Angelica,Larkin
284,Chef Manager,Domenic_Gunn8845@sheye.org,Domenic,Gunn
285,Insurance Broker,Wendy_Hall6328@jiman.org,Wendy,Hall
286,Investment Advisor,Bart_Foxley2597@acrit.org,Bart,Foxley
287,Physician,Kieth_White5266@eirey.tech,Kieth,White
288,Baker,Marjorie_Harrison3449@bulaffy.com,Marjorie,Harrison
289,CNC Operator,Candace_Wellington8441@hourpy.biz,Candace,Wellington
290,Executive Director,Alessandra_Addley9800@deons.tech,Alessandra,Addley
291,Chef Manager,Joseph_Lewis493@fuliss.net,Joseph,Lewis
292,HR Specialist,Vivian_Olivier1955@liret.org,Vivian,Olivier
293,Global Logistics Supervisor,Madelyn_Purvis8892@tonsy.org,Madelyn,Purvis
294,Clerk,Enoch_Umney9088@gembat.biz,Enoch,Umney
295,Business Broker,Bristol_London4227@eirey.tech,Bristol,London
296,Assistant Buyer,John_Stewart4076@naiker.biz,John,Stewart
297,Fabricator,Chris_Pratt6854@sheye.org,Chris,Pratt
298,Electrician,Valentina_Weston1325@bauros.biz,Valentina,Weston
299,Operator,Monica_Cooper6963@jiman.org,Monica,Cooper
300,Cook,Matt_Roth4337@bulaffy.com,Matt,Roth
301,Restaurant Manager,Nicholas_Wild4939@womeona.net,Nicholas,Wild
302,Healthcare Specialist,Oliver_Booth9526@famism.biz,Oliver,Booth
303,Staffing Consultant,Maria_Mccormick964@supunk.biz,Maria,Mccormick
304,Budget Analyst,Caydence_Rothwell5096@eirey.tech,Caydence,Rothwell
305,Operator,Barry_Holmes5984@twace.org,Barry,Holmes
306,Stockbroker,Hank_Ellwood4174@tonsy.org,Hank,Ellwood
307,Call Center Representative,Ryan_Flynn4554@gompie.com,Ryan,Flynn
308,Accountant,Dalia_Bennett652@qater.org,Dalia,Bennett
309,Project Manager,Candice_Eyres7781@vetan.org,Candice,Eyres
310,Steward,Angelina_Herbert9604@zorer.org,Angelina,Herbert
311,Staffing Consultant,Rocco_Upton7640@iatim.tech,Rocco,Upton
312,HR Coordinator,Ivette_Taylor4509@famism.biz,Ivette,Taylor
313,Accountant,Courtney_Hewitt5814@elnee.tech,Courtney,Hewitt
314,Treasurer,Josh_Murray8154@sveldo.biz,Josh,Murray
315,Restaurant Manager,Gil_James7188@cispeto.com,Gil,James
316,Paramedic,Macy_Norburn2060@twace.org,Macy,Norburn
317,HR Specialist,Lauren_Cartwright5059@eirey.tech,Lauren,Cartwright
318,Executive Director,Sonya_Kidd5734@iatim.tech,Sonya,Kidd
319,Restaurant Manager,Chadwick_Kelly3742@dionrab.com,Chadwick,Kelly
320,Health Educator,Parker_Stewart2286@bauros.biz,Parker,Stewart
321,Treasurer,Domenic_Butler450@bauros.biz,Domenic,Butler
322,Software Engineer,Dakota_Saunders5190@joiniaa.com,Dakota,Saunders
323,Healthcare Specialist,Isabel_Casey6780@joiniaa.com,Isabel,Casey
324,Biologist,Carter_Ellis6529@bulaffy.com,Carter,Ellis
325,Clerk,Alexander_Kaur7168@grannar.com,Alexander,Kaur
326,Call Center Representative,Melinda_Talbot8482@liret.org,Melinda,Talbot
327,Designer,Gabriel_Ingram9844@ovock.tech,Gabriel,Ingram
328,Associate Professor,Evie_Zaoui1065@typill.biz,Evie,Zaoui
329,Associate Professor,Adelaide_Selby2889@mafthy.com,Adelaide,Selby
330,Clerk,Doug_Khan3749@zorer.org,Doug,Khan
331,Food Technologist,Carol_Wise4609@twipet.com,Carol,Wise
332,Lecturer,Ethan_Lee5640@elnee.tech,Ethan,Lee
333,Steward,Bryon_Keys454@dionrab.com,Bryon,Keys
334,Inspector,Maxwell_Roth7005@brety.org,Maxwell,Roth
335,Lecturer,Macy_Eagle4167@eirey.tech,Macy,Eagle
336,Designer,Blake_Stanton1224@guentu.biz,Blake,Stanton
337,Front Desk Coordinator,Laila_Hogg5157@atink.com,Laila,Hogg
338,Healthcare Specialist,Michael_Roth8668@nimogy.biz,Michael,Roth
339,Pharmacist,Javier_Sherwood1143@gembat.biz,Javier,Sherwood
340,Fabricator,Hayden_Lucas1841@sveldo.biz,Hayden,Lucas
341,IT Support Staff,Aurelia_Wade293@twipet.com,Aurelia,Wade
342,Global Logistics Supervisor,Wade_Stanley9417@extex.org,Wade,Stanley
343,Doctor,Denis_Collins6944@grannar.com,Denis,Collins
344,Steward,Lillian_Nicolas1112@ovock.tech,Lillian,Nicolas
345,Bellman,Marvin_Anderson7035@gmail.com,Marvin,Anderson
346,Inspector,Phoebe_Patel5310@twipet.com,Phoebe,Patel
347,Biologist,Logan_Parker901@sheye.org,Logan,Parker
348,Accountant,Adalie_Johnson5470@deons.tech,Adalie,Johnson
349,Inspector,Jack_Woodcock1055@gembat.biz,Jack,Woodcock
350,HR Coordinator,Eduardo_Rigg7142@joiniaa.com,Eduardo,Rigg
351,HR Coordinator,Phillip_Todd3710@vetan.org,Phillip,Todd
352,Executive Director,Julius_Oakley9293@bauros.biz,Julius,Oakley
353,Ambulatory Nurse,Ramon_Norman3731@gembat.biz,Ramon,Norman
354,Baker,Nicholas_Parker6125@typill.biz,Nicholas,Parker
355,Doctor,Harry_Wise1586@hourpy.biz,Harry,Wise
356,Budget Analyst,Julius_Coll8639@deavo.com,Julius,Coll
357,Dentist,Carolyn_Parker1884@nanoff.biz,Carolyn,Parker
358,Accountant,Bryon_Noon7632@zorer.org,Bryon,Noon
359,Auditor,Boris_Campbell1941@nanoff.biz,Boris,Campbell
360,Paramedic,William_Brock6550@twipet.com,William,Brock
361,Cashier,Erica_Mccormick9905@mafthy.com,Erica,Mccormick
362,Staffing Consultant,Benjamin_Terry5713@irrepsy.com,Benjamin,Terry
363,Loan Officer,Ethan_Bryson40@bauros.biz,Ethan,Bryson
364,Bookkeeper,Ryan_Swan1365@qater.org,Ryan,Swan
365,Steward,George_Bloom4313@gmail.com,George,Bloom
366,Electrician,Vera_Edwards2477@jiman.org,Vera,Edwards
367,Production Painter,Johnny_Bradley8650@extex.org,Johnny,Bradley
368,Accountant,Abdul_Mould7785@deons.tech,Abdul,Mould
369,Call Center Representative,Jack_Adler8745@infotech44.tech,Jack,Adler
370,Designer,Gil_Little5035@gmail.com,Gil,Little
371,Treasurer,Benjamin_Townend8043@eirey.tech,Benjamin,Townend
372,Lecturer,Marvin_Rivers5479@gmail.com,Marvin,Rivers
373,Business Broker,Cedrick_Fenton5189@infotech44.tech,Cedrick,Fenton
374,Dentist,Willow_Logan8228@vetan.org,Willow,Logan
375,Audiologist,Bree_Page 7859@muall.tech,Bree,Page 
376,Loan Officer,Gil_Bishop2859@bauros.biz,Gil,Bishop
377,Assistant Buyer,Erick_May1114@deavo.com,Erick,May
378,Chef Manager,Harvey_Allwood9084@elnee.tech,Harvey,Allwood
379,Cook,Lara_Andrews1203@mafthy.com,Lara,Andrews
380,Cashier,Caleb_Addis5273@sveldo.biz,Caleb,Addis
381,HR Coordinator,Peter_Wills5762@twace.org,Peter,Wills
382,Staffing Consultant,Valerie_Ebbs5056@extex.org,Valerie,Ebbs
383,Baker,Nancy_Baker8757@cispeto.com,Nancy,Baker
384,HR Coordinator,Candice_Evans8120@guentu.biz,Candice,Evans
385,Electrician,Erin_Sawyer4022@naiker.biz,Erin,Sawyer
386,Call Center Representative,Hadley_Potts2275@bauros.biz,Hadley,Potts
387,Staffing Consultant,Michael_Lewis7268@yahoo.com,Michael,Lewis
388,Accountant,Fred_Owen2310@elnee.tech,Fred,Owen
389,Baker,Piper_Reese3087@guentu.biz,Piper,Reese
390,Call Center Representative,Mason_Selby6981@deons.tech,Mason,Selby
391,Investment Advisor,Abdul_Swift9644@tonsy.org,Abdul,Swift
392,Dentist,Tony_Sinclair7797@cispeto.com,Tony,Sinclair
393,Front Desk Coordinator,Ryan_Upton8736@nanoff.biz,Ryan,Upton
394,Audiologist,Ramon_Brennan3562@atink.com,Ramon,Brennan
395,Baker,Caydence_Benson5284@atink.com,Caydence,Benson
396,Doctor,Danny_Quinnell6874@gmail.com,Danny,Quinnell
397,Physician,Chad_Andersson2753@naiker.biz,Chad,Andersson
398,CNC Operator,Colleen_Stewart6958@bungar.biz,Colleen,Stewart
399,HR Coordinator,David_Kent1371@irrepsy.com,David,Kent
400,Mobile Developer,Keira_Wilton7300@corti.com,Keira,Wilton
401,Global Logistics Supervisor,Erick_Watt634@typill.biz,Erick,Watt
402,Operator,Marla_Wellington8031@extex.org,Marla,Wellington
403,Assistant Buyer,Daron_Allen8820@typill.biz,Daron,Allen
404,Call Center Representative,Phillip_Shaw2659@naiker.biz,Phillip,Shaw
405,Investment Advisor,Javier_Umney5428@qater.org,Javier,Umney
406,Systems Administrator,Ron_Partridge4716@gompie.com,Ron,Partridge
407,Banker,Barney_Bennett1961@famism.biz,Barney,Bennett
408,Project Manager,Mary_Jackson1786@guentu.biz,Mary,Jackson
409,Physician,Liv_Benfield6959@bungar.biz,Liv,Benfield
410,Healthcare Specialist,Quinn_Kelly8584@sveldo.biz,Quinn,Kelly
411,Cash Manager,Selena_Neal3727@bauros.biz,Selena,Neal
412,Global Logistics Supervisor,Marjorie_Sanchez1992@joiniaa.com,Marjorie,Sanchez
413,Operator,Tom_Bailey3628@extex.org,Tom,Bailey
414,Business Broker,Molly_Vaughn1896@eirey.tech,Molly,Vaughn
415,Steward,Havana_Tutton1110@brety.org,Havana,Tutton
416,Dentist,Madison_Stewart3949@acrit.org,Madison,Stewart
417,Budget Analyst,Cynthia_Matthews8082@dionrab.com,Cynthia,Matthews
418,Healthcare Specialist,Jayden_Yates5370@vetan.org,Jayden,Yates
419,Auditor,Javier_Ryan1770@naiker.biz,Javier,Ryan
420,Bellman,Emmanuelle_Squire4913@typill.biz,Emmanuelle,Squire
421,Assistant Buyer,Helen_Thomas9302@bungar.biz,Helen,Thomas
422,Pharmacist,Daron_White2100@kideod.biz,Daron,White
423,CNC Operator,Helen_Neal6702@atink.com,Helen,Neal
424,Auditor,Cameron_Cowan8377@supunk.biz,Cameron,Cowan
425,Lecturer,Elena_Tyler5600@acrit.org,Elena,Tyler
426,Bookkeeper,Erin_Everett8247@hourpy.biz,Erin,Everett
427,Paramedic,Andrea_Ellery3991@iatim.tech,Andrea,Ellery
428,HR Coordinator,Gil_Whitmore7494@gompie.com,Gil,Whitmore
429,Budget Analyst,Peter_Radley2320@deavo.com,Peter,Radley
430,Service Supervisor,Josh_Steer3250@famism.biz,Josh,Steer
431,Food Technologist,Esmeralda_Paterson3381@bretoux.com,Esmeralda,Paterson
432,Project Manager,Alexa_Murray9592@sveldo.biz,Alexa,Murray
433,Systems Administrator,Ron_Reyes1432@extex.org,Ron,Reyes
434,Executive Director,Quinn_Coleman4808@gompie.com,Quinn,Coleman
435,Ambulatory Nurse,Jack_Murray8277@sheye.org,Jack,Murray
436,Bookkeeper,Candice_Patel4359@vetan.org,Candice,Patel
437,Business Broker,Joseph_Price2555@famism.biz,Joseph,Price
438,Budget Analyst,Henry_Mann8727@qater.org,Henry,Mann
439,Chef Manager,Ember_Terry4846@grannar.com,Ember,Terry
440,Operator,Benny_Richardson7046@liret.org,Benny,Richardson
441,Cashier,Hailey_Khan490@joiniaa.com,Hailey,Khan
442,Bookkeeper,Emma_Abbot6118@deavo.com,Emma,Abbot
443,Health Educator,Dorothy_Harris9638@iatim.tech,Dorothy,Harris
444,Biologist,Isla_Jennson4805@cispeto.com,Isla,Jennson
445,Audiologist,Julian_Donnelly4517@muall.tech,Julian,Donnelly
446,Laboratory Technician,Michelle_Vaughn1228@qater.org,Michelle,Vaughn
447,Lecturer,Harry_Parsons9101@eirey.tech,Harry,Parsons
448,Pharmacist,Greta_Nelson1239@yahoo.com,Greta,Nelson
449,Production Painter,Domenic_Holmes3729@gompie.com,Domenic,Holmes
450,Webmaster,Maxwell_Dobson3223@irrepsy.com,Maxwell,Dobson
451,Lecturer,Michaela_Wright6769@grannar.com,Michaela,Wright
452,Audiologist,Jayden_Smith8972@acrit.org,Jayden,Smith
453,Steward,Harmony_Blythe4909@infotech44.tech,Harmony,Blythe
454,Project Manager,Carl_Porter7091@zorer.org,Carl,Porter
455,Food Technologist,Russel_Shea2784@nickia.com,Russel,Shea
456,Electrician,Isla_Taylor2073@typill.biz,Isla,Taylor
457,Project Manager,Ryan_Simpson1881@dionrab.com,Ryan,Simpson
458,Budget Analyst,Emmanuelle_Buckley1211@gmail.com,Emmanuelle,Buckley
459,Bookkeeper,Fiona_Lomax3710@muall.tech,Fiona,Lomax
460,Clerk,Nina_Verdon6996@iatim.tech,Nina,Verdon
461,Bookkeeper,Harmony_Patel2578@ubusive.com,Harmony,Patel
462,Assistant Buyer,Eileen_Doherty9939@deavo.com,Eileen,Doherty
463,Treasurer,Ivy_Reading4852@twace.org,Ivy,Reading
464,Global Logistics Supervisor,Sloane_Allwood9712@corti.com,Sloane,Allwood
465,Baker,Makena_Gilmore7793@cispeto.com,Makena,Gilmore
466,Steward,Bart_Tanner2514@gmail.com,Bart,Tanner
467,Audiologist,Henry_Moran545@supunk.biz,Henry,Moran
468,Cashier,Morgan_Selby972@fuliss.net,Morgan,Selby
469,Chef Manager,Drew_Faulkner2039@vetan.org,Drew,Faulkner
470,Laboratory Technician,Caleb_Lane7937@typill.biz,Caleb,Lane
471,Executive Director,Selena_Olson8062@nimogy.biz,Selena,Olson
472,Food Technologist,Olivia_Spencer2419@dionrab.com,Olivia,Spencer
473,Production Painter,Bob_Bayliss2282@qater.org,Bob,Bayliss
474,Mobile Developer,Ryan_Higgs974@deons.tech,Ryan,Higgs
475,Investment Advisor,Stacy_Gilmore9333@eirey.tech,Stacy,Gilmore
476,Global Logistics Supervisor,Maxwell_Bennett4210@kideod.biz,Maxwell,Bennett
477,Baker,Leilani_Wilkinson7702@grannar.com,Leilani,Wilkinson
478,Call Center Representative,Johnny_Connor232@ovock.tech,Johnny,Connor
479,Associate Professor,Maxwell_Marshall2117@famism.biz,Maxwell,Marshall
480,Associate Professor,John_Larsen7272@elnee.tech,John,Larsen
481,Inspector,Analise_Hepburn2449@vetan.org,Analise,Hepburn
482,Biologist,Madelyn_Mason3887@extex.org,Madelyn,Mason
483,Executive Director,Johnny_Addison9737@qater.org,Johnny,Addison
484,Software Engineer,Meredith_Addis7343@infotech44.tech,Meredith,Addis
485,Webmaster,Melinda_Russell2783@naiker.biz,Melinda,Russell
486,Investment Advisor,Wendy_Price3088@dionrab.com,Wendy,Price
487,Auditor,Marla_Ebbs8968@gmail.com,Marla,Ebbs
488,Audiologist,Rufus_Everett2361@nimogy.biz,Rufus,Everett
489,Bellman,Doug_Patel3200@irrepsy.com,Doug,Patel
490,Mobile Developer,Caitlyn_Burge9197@ubusive.com,Caitlyn,Burge
491,Healthcare Specialist,Boris_Mullins1865@ovock.tech,Boris,Mullins
492,Chef Manager,Sadie_Jeffery9502@ovock.tech,Sadie,Jeffery
493,Accountant,Penny_Webster4313@tonsy.org,Penny,Webster
494,HR Coordinator,Harry_Reynolds6500@fuliss.net,Harry,Reynolds
495,Software Engineer,Miley_Watson5895@guentu.biz,Miley,Watson
496,Production Painter,Davina_Clifton5743@gompie.com,Davina,Clifton
497,Accountant,Matt_Mills9014@acrit.org,Matt,Mills
498,Health Educator,Nathan_Lunt4334@muall.tech,Nathan,Lunt
499,Ambulatory Nurse,Tom_Whitmore5349@bretoux.com,Tom,Whitmore
500,Doctor,Adelaide_Mcnally1914@qater.org,Adelaide,Mcnally
