ID,Job Title,Email Address,FirstName,LastName
1,Biologist,Julian_Barrett3671@iatim.tech,Julian,Barrett
2,Machine Operator,Katelyn_Rothwell3868@fuliss.net,Katelyn,Rothwell
3,Machine Operator,Maxwell_Forth8665@twipet.com,Maxwell,Forth
4,Accountant,Remy_Richards7073@sveldo.biz,Remy,Richards
5,Insurance Broker,Roger_Warden7322@cispeto.com,Roger,Warden
6,Pharmacist,Rae_Yang7374@brety.org,Rae,Yang
7,Biologist,Ada_Latham6505@fuliss.net,Ada,Latham
8,Investment Advisor,Molly_Mcleod946@twace.org,Molly,Mcleod
9,CNC Operator,Barry_Waterson3274@kideod.biz,Barry,Waterson
10,Cash Manager,Leslie_Dann2069@bauros.biz,Leslie,Dann
11,Mobile Developer,Roger_Newton3453@twace.org,Roger,Newton
12,Insurance Broker,Martin_Glass6679@guentu.biz,Martin,Glass
13,Design Engineer,Liv_Morley1484@joiniaa.com,Liv,Morley
14,Staffing Consultant,George_White4424@tonsy.org,George,White
15,IT Support Staff,Danny_Darcy8475@extex.org,Danny,Darcy
16,Stockbroker,Anthony_Weatcroft9891@bretoux.com,Anthony,Weatcroft
17,Production Painter,Penelope_Simpson2046@mafthy.com,Penelope,Simpson
18,Steward,Bob_Wade4892@zorer.org,Bob,Wade
19,Bookkeeper,Hope_Vincent9203@gmail.com,Hope,Vincent
20,Service Supervisor,Scarlett_Lucas2482@brety.org,Scarlett,Lucas
21,Biologist,Angelica_Gates5023@gompie.com,Angelica,Gates
22,Pharmacist,Manuel_Lyon6045@gmail.com,Manuel,Lyon
23,Accountant,Ryan_Crawford5448@mafthy.com,Ryan,Crawford
24,Call Center Representative,Bristol_Clark4196@liret.org,Bristol,Clark
25,Project Manager,Aisha_Gray1028@bungar.biz,Aisha,Gray
26,Paramedic,Matt_Selby163@guentu.biz,Matt,Selby
27,Ambulatory Nurse,Michael_Shea3862@qater.org,Michael,Shea
28,Insurance Broker,Chadwick_Ventura4663@zorer.org,Chadwick,Ventura
29,Chef Manager,Raquel_Reid3358@gmail.com,Raquel,Reid
30,Cash Manager,Teagan_Aldridge178@sveldo.biz,Teagan,Aldridge
31,Ambulatory Nurse,Caydence_Benson4647@qater.org,Caydence,Benson
32,Global Logistics Supervisor,Manuel_Mooney1280@twace.org,Manuel,Mooney
33,HR Specialist,Emery_Thomson2602@twace.org,Emery,Thomson
34,Bookkeeper,Ember_Jenkins3378@deavo.com,Ember,Jenkins
35,Audiologist,Luke_Silva7334@jiman.org,Luke,Silva
36,Accountant,Brad_Lynn1107@gmail.com,Brad,Lynn
37,Stockbroker,Aiden_Taylor6080@nimogy.biz,Aiden,Taylor
38,Operator,Roger_Farmer3591@bulaffy.com,Roger,Farmer
39,Budget Analyst,Benny_Denton6395@nimogy.biz,Benny,Denton
40,Production Painter,Parker_Rothwell4662@iatim.tech,Parker,Rothwell
41,Insurance Broker,Charlize_Redwood8504@twipet.com,Charlize,Redwood
42,Systems Administrator,Esmeralda_Wood8908@deavo.com,Esmeralda,Wood
43,Healthcare Specialist,Tony_Turner3581@brety.org,Tony,Turner
44,Inspector,Doug_Evans8083@infotech44.tech,Doug,Evans
45,Service Supervisor,Elise_Howard3814@bretoux.com,Elise,Howard
46,Fabricator,Helen_Neville6726@ubusive.com,Helen,Neville
47,Cook,Chris_Jones6168@supunk.biz,Chris,Jones
48,Designer,Angelina_Bradley1944@sheye.org,Angelina,Bradley
49,Paramedic,Alan_Cobb5863@ubusive.com,Alan,Cobb
50,Budget Analyst,Barney_Clarke5944@ubusive.com,Barney,Clarke
51,Electrician,Hank_Brennan4687@deavo.com,Hank,Brennan
52,CNC Operator,Gloria_Thornton1055@irrepsy.com,Gloria,Thornton
53,IT Support Staff,Sylvia_Matthews732@eirey.tech,Sylvia,Matthews
54,Accountant,Quinn_Briggs1664@deavo.com,Quinn,Briggs
55,IT Support Staff,Ivy_Mullins8342@deavo.com,Ivy,Mullins
56,Retail Trainee,Lillian_Grant8700@nanoff.biz,Lillian,Grant
57,Cash Manager,Barney_Robertson7205@zorer.org,Barney,Robertson
58,Steward,Fred_Norburn8390@twace.org,Fred,Norburn
59,Staffing Consultant,Jenna_Warner5681@supunk.biz,Jenna,Warner
60,Treasurer,Sienna_Moore2369@nanoff.biz,Sienna,Moore
61,IT Support Staff,Leroy_Bullock8566@yahoo.com,Leroy,Bullock
62,Inspector,Rick_Little9886@mafthy.com,Rick,Little
63,Physician,Emerald_Sheldon2218@gmail.com,Emerald,Sheldon
64,Business Broker,Rebecca_Giles5944@gmail.com,Rebecca,Giles
65,HR Specialist,Karla_James2440@bulaffy.com,Karla,James
66,Bookkeeper,Daron_Lomax9849@liret.org,Daron,Lomax
67,Production Painter,Kimberly_Stone 6366@brety.org,Kimberly,Stone 
68,Restaurant Manager,Mabel_Stone 9401@grannar.com,Mabel,Stone 
69,Cook,Diane_Oatway4695@kideod.biz,Diane,Oatway
70,Business Broker,Allison_Jacobs1263@eirey.tech,Allison,Jacobs
71,Health Educator,Anais_Hilton3295@hourpy.biz,Anais,Hilton
72,Designer,Michael_Moss8497@nimogy.biz,Michael,Moss
73,Food Technologist,Owen_Riley6218@corti.com,Owen,Riley
74,Audiologist,Leslie_Huggins2368@hourpy.biz,Leslie,Huggins
75,Software Engineer,Chad_Gaynor8254@typill.biz,Chad,Gaynor
76,HR Coordinator,Emerald_Mcnally5399@muall.tech,Emerald,Mcnally
77,Restaurant Manager,Bob_Woodley4387@corti.com,Bob,Woodley
78,Loan Officer,Jayden_Eddison3111@typill.biz,Jayden,Eddison
79,Health Educator,Jayden_Davies3126@liret.org,Jayden,Davies
80,Food Technologist,Maria_Button8085@nanoff.biz,Maria,Button
81,Healthcare Specialist,Jenna_Farmer5453@bungar.biz,Jenna,Farmer
82,Steward,Julius_Waterhouse7508@liret.org,Julius,Waterhouse
83,Investment Advisor,Carl_Wellington6339@eirey.tech,Carl,Wellington
84,Auditor,Holly_Wright1785@grannar.com,Holly,Wright
85,Software Engineer,Nate_Hooper7559@kideod.biz,Nate,Hooper
86,Associate Professor,Lorraine_Flett1993@tonsy.org,Lorraine,Flett
87,HR Specialist,Stacy_Farmer7645@joiniaa.com,Stacy,Farmer
88,Global Logistics Supervisor,Wade_Selby5651@muall.tech,Wade,Selby
89,Call Center Representative,Fiona_Simmons7251@gompie.com,Fiona,Simmons
90,CNC Operator,Aurelia_West6702@womeona.net,Aurelia,West
91,Baker,Jaylene_Skinner8731@fuliss.net,Jaylene,Skinner
92,Physician,Kamila_Gaynor7547@extex.org,Kamila,Gaynor
93,Mobile Developer,Natalie_Stevenson5019@tonsy.org,Natalie,Stevenson
94,Mobile Developer,Thea_Shaw2097@supunk.biz,Thea,Shaw
95,Electrician,Sylvia_Brown3162@brety.org,Sylvia,Brown
96,HR Coordinator,Leroy_Cattell297@liret.org,Leroy,Cattell
97,Electrician,Alan_Wade2780@yahoo.com,Alan,Wade
98,Dentist,Tyson_Broomfield2821@famism.biz,Tyson,Broomfield
99,Ambulatory Nurse,Mason_Stewart594@sheye.org,Mason,Stewart
100,Design Engineer,Jennifer_Steer525@gembat.biz,Jennifer,Steer
101,CNC Operator,Maxwell_Paterson8024@nickia.com,Maxwell,Paterson
102,Restaurant Manager,Jessica_Owens1015@sveldo.biz,Jessica,Owens
103,Business Broker,Ruby_Mullins5414@zorer.org,Ruby,Mullins
104,Project Manager,Benjamin_Miller6043@acrit.org,Benjamin,Miller
105,Stockbroker,Charlotte_Roman7168@zorer.org,Charlotte,Roman
106,Steward,Ryan_Rogan4864@nanoff.biz,Ryan,Rogan
107,IT Support Staff,Michael_Nash7988@eirey.tech,Michael,Nash
108,HR Specialist,Mike_Jackson8151@liret.org,Mike,Jackson
109,Electrician,Danielle_John1380@ovock.tech,Danielle,John
110,Electrician,Rowan_Utterson1203@acrit.org,Rowan,Utterson
111,Bellman,Chadwick_Bennett7125@deons.tech,Chadwick,Bennett
112,Retail Trainee,Stacy_Rees5409@qater.org,Stacy,Rees
113,Clerk,Cedrick_Aldridge5409@bungar.biz,Cedrick,Aldridge
114,Cook,Carina_Bowen4585@nimogy.biz,Carina,Bowen
115,Banker,Eryn_Woodcock7782@jiman.org,Eryn,Woodcock
116,Cashier,Daniel_Wright3076@liret.org,Daniel,Wright
117,Insurance Broker,Peter_Dempsey4724@twipet.com,Peter,Dempsey
118,Loan Officer,Analise_Callan9738@tonsy.org,Analise,Callan
119,Fabricator,Jackeline_Donovan1397@typill.biz,Jackeline,Donovan
120,Audiologist,Olivia_Fall6669@ovock.tech,Olivia,Fall
121,Staffing Consultant,Dakota_Roberts7082@vetan.org,Dakota,Roberts
122,Accountant,Trisha_Haines863@supunk.biz,Trisha,Haines
123,Call Center Representative,Jacob_Sheldon3132@fuliss.net,Jacob,Sheldon
124,Front Desk Coordinator,John_Woods8709@twipet.com,John,Woods
125,HR Coordinator,Willow_Wigley475@extex.org,Willow,Wigley
126,Call Center Representative,Mason_Price7957@hourpy.biz,Mason,Price
127,Call Center Representative,Rose_Jenkins9433@vetan.org,Rose,Jenkins
128,Restaurant Manager,Katelyn_Fisher6850@eirey.tech,Katelyn,Fisher
129,Fabricator,Domenic_Thompson5179@yahoo.com,Domenic,Thompson
130,Cook,Johnathan_Vincent759@famism.biz,Johnathan,Vincent
131,Chef Manager,Jacob_Saunders7928@bungar.biz,Jacob,Saunders
132,Audiologist,Greta_Ellery6627@nanoff.biz,Greta,Ellery
133,Investment Advisor,Judith_Hudson1323@ubusive.com,Judith,Hudson
134,Biologist,Harvey_Randall2963@iatim.tech,Harvey,Randall
135,Call Center Representative,Ema_Baldwin9642@acrit.org,Ema,Baldwin
136,Systems Administrator,Thea_Ellwood6002@nimogy.biz,Thea,Ellwood
137,Software Engineer,Ember_Strong181@famism.biz,Ember,Strong
138,Executive Director,Denis_Stone1159@zorer.org,Denis,Stone
139,Mobile Developer,Carrie_Isaac122@twipet.com,Carrie,Isaac
140,Budget Analyst,Alex_Walter2103@twace.org,Alex,Walter
141,Designer,Tyson_Hood6813@infotech44.tech,Tyson,Hood
142,Operator,Elena_Adams770@mafthy.com,Elena,Adams
143,Associate Professor,Tiffany_Williams4643@brety.org,Tiffany,Williams
144,Loan Officer,Tyson_Vane8372@naiker.biz,Tyson,Vane
145,Food Technologist,Percy_Benson1006@sheye.org,Percy,Benson
146,Treasurer,Logan_Clarkson1656@sheye.org,Logan,Clarkson
147,Auditor,Alexa_Huggins9736@tonsy.org,Alexa,Huggins
148,IT Support Staff,Olivia_Dubois4174@fuliss.net,Olivia,Dubois
149,Pharmacist,Rosalyn_Power1459@supunk.biz,Rosalyn,Power
150,IT Support Staff,Colleen_Snell4540@sheye.org,Colleen,Snell
151,Doctor,Kimberly_Tait5086@vetan.org,Kimberly,Tait
152,Food Technologist,Alex_Varley3572@joiniaa.com,Alex,Varley
153,Global Logistics Supervisor,Enoch_London1650@gmail.com,Enoch,London
154,Healthcare Specialist,Adeline_Devonport2552@zorer.org,Adeline,Devonport
155,Production Painter,Daron_Morrison5728@nanoff.biz,Daron,Morrison
156,Operator,Gemma_Mitchell8436@liret.org,Gemma,Mitchell
157,Chef Manager,Mark_Denton99@twace.org,Mark,Denton
158,Stockbroker,Harriet_Mason1587@grannar.com,Harriet,Mason
159,Lecturer,Leslie_Coll6952@vetan.org,Leslie,Coll
160,Banker,Nathan_Sherry5215@deons.tech,Nathan,Sherry
161,Mobile Developer,Elle_Cork1315@womeona.net,Elle,Cork
162,Electrician,Christy_Plant9413@mafthy.com,Christy,Plant
163,Banker,Christy_Uddin1396@bretoux.com,Christy,Uddin
164,Healthcare Specialist,Miley_Durrant6468@yahoo.com,Miley,Durrant
165,Healthcare Specialist,Carina_Shelton2234@nanoff.biz,Carina,Shelton
166,Web Developer,Peter_Vane8434@dionrab.com,Peter,Vane
167,Mobile Developer,Georgia_Edwards992@guentu.biz,Georgia,Edwards
168,Paramedic,Eduardo_Hunt6423@elnee.tech,Eduardo,Hunt
169,Designer,Olivia_Jennson9837@ubusive.com,Olivia,Jennson
170,Production Painter,Johnathan_Grey1326@mafthy.com,Johnathan,Grey
171,Business Broker,Ryan_Powell7603@dionrab.com,Ryan,Powell
172,Call Center Representative,Mark_Saunders120@ovock.tech,Mark,Saunders
173,Healthcare Specialist,Jayden_Yates6074@famism.biz,Jayden,Yates
174,Cash Manager,Tony_Carter1766@sveldo.biz,Tony,Carter
175,Inspector,Marissa_Goodman708@gembat.biz,Marissa,Goodman
176,Ambulatory Nurse,Bob_Thompson8797@hourpy.biz,Bob,Thompson
177,Assistant Buyer,Brad_Douglas5042@acrit.org,Brad,Douglas
178,Systems Administrator,Liv_Evans6211@yahoo.com,Liv,Evans
179,Web Developer,Jacqueline_Roberts1211@brety.org,Jacqueline,Roberts
180,Laboratory Technician,Peyton_Kennedy894@famism.biz,Peyton,Kennedy
181,Global Logistics Supervisor,Tony_Stubbs8618@gembat.biz,Tony,Stubbs
182,HR Specialist,Esmeralda_Oldfield8619@joiniaa.com,Esmeralda,Oldfield
183,Service Supervisor,Javier_Antcliff663@famism.biz,Javier,Antcliff
184,Operator,Hayden_Chappell6079@ubusive.com,Hayden,Chappell
185,Operator,Bob_Hope7732@zorer.org,Bob,Hope
186,Design Engineer,Manuel_Rowe3875@muall.tech,Manuel,Rowe
187,HR Coordinator,Julian_Shea7119@naiker.biz,Julian,Shea
188,Webmaster,Harry_Jenkins4257@jiman.org,Harry,Jenkins
189,Global Logistics Supervisor,Sarah_Jarvis5892@brety.org,Sarah,Jarvis
190,Banker,Summer_Whitehouse7587@infotech44.tech,Summer,Whitehouse
191,HR Specialist,Mark_Vollans896@gmail.com,Mark,Vollans
192,Cash Manager,Mona_Underhill1993@ubusive.com,Mona,Underhill
193,Cook,Sebastian_King1962@nickia.com,Sebastian,King
194,Clerk,Roger_Andrews8279@sheye.org,Roger,Andrews
195,Cash Manager,Jessica_Knight403@deons.tech,Jessica,Knight
196,Cash Manager,Johnathan_Antcliff2458@tonsy.org,Johnathan,Antcliff
197,Project Manager,Emery_Brooks2521@qater.org,Emery,Brooks
198,Biologist,Piper_Morgan7861@twipet.com,Piper,Morgan
199,Assistant Buyer,Noah_Vinton2677@irrepsy.com,Noah,Vinton
200,Steward,Cristal_Farrow3399@famism.biz,Cristal,Farrow
201,HR Coordinator,Angelique_Bailey6983@gompie.com,Angelique,Bailey
202,Laboratory Technician,Matthew_Lunt6443@corti.com,Matthew,Lunt
203,Executive Director,Dani_Myatt2974@brety.org,Dani,Myatt
204,IT Support Staff,Louise_Moss4359@atink.com,Louise,Moss
205,Call Center Representative,Harry_Herbert9755@sveldo.biz,Harry,Herbert
206,Clerk,Domenic_Kidd1706@gompie.com,Domenic,Kidd
207,Clerk,Bryon_Varndell5638@ubusive.com,Bryon,Varndell
208,Healthcare Specialist,Brad_Dale2202@iatim.tech,Brad,Dale
209,Fabricator,Livia_Lee6679@bauros.biz,Livia,Lee
210,Associate Professor,Anne_Weasley395@twace.org,Anne,Weasley
211,Investment Advisor,Eden_Redden6051@gmail.com,Eden,Redden
212,HR Specialist,Peter_Button7377@atink.com,Peter,Button
213,Baker,Kurt_Gilbert5598@tonsy.org,Kurt,Gilbert
214,Clerk,Trisha_Rixon8928@brety.org,Trisha,Rixon
215,Bellman,Ellen_Utterson5811@nanoff.biz,Ellen,Utterson
216,Service Supervisor,Judith_Shaw5471@tonsy.org,Judith,Shaw
217,Restaurant Manager,Hanna_Webster3200@muall.tech,Hanna,Webster
218,Health Educator,Leroy_Evans812@iatim.tech,Leroy,Evans
219,Biologist,Mason_Cameron3917@tonsy.org,Mason,Cameron
220,Pharmacist,Mayleen_Lindop8804@kideod.biz,Mayleen,Lindop
221,Restaurant Manager,Julius_Allwood6551@ubusive.com,Julius,Allwood
222,Doctor,Mark_Reynolds4134@bungar.biz,Mark,Reynolds
223,Paramedic,Ethan_Tate1913@hourpy.biz,Ethan,Tate
224,Designer,Cherish_Blackwall3537@elnee.tech,Cherish,Blackwall
225,Healthcare Specialist,Elijah_Moreno2769@bretoux.com,Elijah,Moreno
226,Baker,Mandy_Lucas5489@elnee.tech,Mandy,Lucas
227,Production Painter,Jocelyn_Fulton3735@bulaffy.com,Jocelyn,Fulton
228,Investment Advisor,John_Taylor700@sveldo.biz,John,Taylor
229,Bookkeeper,Courtney_Chappell4846@cispeto.com,Courtney,Chappell
230,HR Coordinator,Blake_Parr3398@famism.biz,Blake,Parr
231,Staffing Consultant,Jane_Ashwell6654@atink.com,Jane,Ashwell
232,Cash Manager,Norah_Cox4437@elnee.tech,Norah,Cox
233,Biologist,Johnathan_Snell8099@irrepsy.com,Johnathan,Snell
234,Associate Professor,Eduardo_Reynolds3924@naiker.biz,Eduardo,Reynolds
235,Staffing Consultant,Winnie_Cooper1279@eirey.tech,Winnie,Cooper
236,Chef Manager,Javier_Veale3522@bauros.biz,Javier,Veale
237,Operator,Chad_Moore4148@hourpy.biz,Chad,Moore
238,Stockbroker,Jacob_Collins9318@extex.org,Jacob,Collins
239,Laboratory Technician,Joseph_Isaac6188@bulaffy.com,Joseph,Isaac
240,Accountant,Tony_Farrow1901@hourpy.biz,Tony,Farrow
241,Operator,Maria_Cassidy8701@iatim.tech,Maria,Cassidy
242,Dentist,Johnathan_Knight8624@nickia.com,Johnathan,Knight
243,Physician,Rick_Baker2672@dionrab.com,Rick,Baker
244,Design Engineer,Daron_Hilton8709@twipet.com,Daron,Hilton
245,Call Center Representative,George_Marshall7534@twipet.com,George,Marshall
246,Staffing Consultant,Chuck_Whitmore1040@bungar.biz,Chuck,Whitmore
247,Designer,Diane_Thorpe3429@mafthy.com,Diane,Thorpe
248,HR Coordinator,Brad_Gaynor9591@infotech44.tech,Brad,Gaynor
249,Design Engineer,Benny_Cavanagh638@nimogy.biz,Benny,Cavanagh
250,Banker,Boris_Wilson7606@nimogy.biz,Boris,Wilson
251,Global Logistics Supervisor,Julian_Huggins251@infotech44.tech,Julian,Huggins
252,Associate Professor,Cassidy_Turner6470@bungar.biz,Cassidy,Turner
253,Systems Administrator,Jayden_Irving401@bungar.biz,Jayden,Irving
254,Audiologist,Josh_Tanner4747@fuliss.net,Josh,Tanner
255,Banker,Elise_Raven3526@zorer.org,Elise,Raven
256,Clerk,Amelia_Noon8044@grannar.com,Amelia,Noon
257,Dentist,Manuel_Henderson9229@cispeto.com,Manuel,Henderson
258,Webmaster,Liam_West2981@twace.org,Liam,West
259,Operator,Logan_Addis5168@tonsy.org,Logan,Addis
260,Chef Manager,Brooklyn_Swift8034@ovock.tech,Brooklyn,Swift
261,Steward,Nicholas_Cooper5669@twace.org,Nicholas,Cooper
262,Inspector,Aiden_Truscott3933@gembat.biz,Aiden,Truscott
263,Electrician,Jolene_Bayliss6786@famism.biz,Jolene,Bayliss
264,Baker,Charlize_Freeburn9048@jiman.org,Charlize,Freeburn
265,Health Educator,Julia_Warner5850@qater.org,Julia,Warner
266,Fabricator,Carol_Funnell9921@eirey.tech,Carol,Funnell
267,Ambulatory Nurse,Melanie_Sloan4575@bulaffy.com,Melanie,Sloan
268,Assistant Buyer,Eduardo_Phillips3085@sveldo.biz,Eduardo,Phillips
269,Bookkeeper,Denis_Rivers1219@muall.tech,Denis,Rivers
270,IT Support Staff,Barney_Glass4302@tonsy.org,Barney,Glass
271,Doctor,Camila_Norton1693@nimogy.biz,Camila,Norton
272,Bellman,Sylvia_Ring5075@guentu.biz,Sylvia,Ring
273,HR Specialist,Harmony_Weasley2356@kideod.biz,Harmony,Weasley
274,Staffing Consultant,Priscilla_Mitchell959@gmail.com,Priscilla,Mitchell
275,Physician,Elle_Parker3812@infotech44.tech,Elle,Parker
276,Insurance Broker,Liam_Sawyer6319@kideod.biz,Liam,Sawyer
277,Webmaster,Allison_Emerson1442@hourpy.biz,Allison,Emerson
278,Baker,Julius_Ogilvy7277@muall.tech,Julius,Ogilvy
279,Cash Manager,Alba_Carter2040@nickia.com,Alba,Carter
280,Front Desk Coordinator,Logan_Hamilton9181@nickia.com,Logan,Hamilton
281,Systems Administrator,Liam_Hopkins7036@twace.org,Liam,Hopkins
282,Assistant Buyer,Parker_James8056@ovock.tech,Parker,James
283,Pharmacist,Josephine_Bolton5115@brety.org,Josephine,Bolton
284,Cashier,Gemma_Quinn7649@mafthy.com,Gemma,Quinn
285,Cashier,Robyn_Kennedy7276@bulaffy.com,Robyn,Kennedy
286,Project Manager,Danny_Williams1013@deons.tech,Danny,Williams
287,Stockbroker,Jane_Morgan7069@elnee.tech,Jane,Morgan
288,Front Desk Coordinator,Caleb_Woodcock206@guentu.biz,Caleb,Woodcock
289,Clerk,Adina_Spencer8866@zorer.org,Adina,Spencer
290,Executive Director,Johnathan_Irwin174@guentu.biz,Johnathan,Irwin
291,Investment Advisor,Marie_Yarwood5279@kideod.biz,Marie,Yarwood
292,HR Coordinator,Andie_James6688@ovock.tech,Andie,James
293,Business Broker,Luke_Cork3553@dionrab.com,Luke,Cork
294,Cashier,Sloane_Yard4618@irrepsy.com,Sloane,Yard
295,Cashier,Cassidy_Lee1157@gembat.biz,Cassidy,Lee
296,Fabricator,Chester_Daniells8385@vetan.org,Chester,Daniells
297,Ambulatory Nurse,Liv_Allcott5859@deavo.com,Liv,Allcott
298,Physician,Aeris_Mcnally7599@gompie.com,Aeris,Mcnally
299,Assistant Buyer,Madelyn_Patel7392@zorer.org,Madelyn,Patel
300,Front Desk Coordinator,Tyson_York8445@twace.org,Tyson,York
301,Inspector,Daron_Edwards7981@gembat.biz,Daron,Edwards
302,Banker,Callie_Whatson3305@muall.tech,Callie,Whatson
303,Health Educator,Destiny_Lynn4356@deons.tech,Destiny,Lynn
304,Webmaster,Rosalyn_Chappell8103@nanoff.biz,Rosalyn,Chappell
305,Machine Operator,Callie_Lunt777@guentu.biz,Callie,Lunt
306,Designer,Valentina_Murray9653@nanoff.biz,Valentina,Murray
307,Designer,William_Grant1272@eirey.tech,William,Grant
308,Inspector,Emmanuelle_Gordon5885@fuliss.net,Emmanuelle,Gordon
309,Bookkeeper,Jayden_Eaton1464@nickia.com,Jayden,Eaton
310,Steward,Thea_Vass1861@iatim.tech,Thea,Vass
311,Stockbroker,Harvey_Coleman7192@gmail.com,Harvey,Coleman
312,Dentist,Alex_Hopkins8910@muall.tech,Alex,Hopkins
313,Webmaster,Summer_Veale3302@brety.org,Summer,Veale
314,Insurance Broker,Meredith_Heaton7834@eirey.tech,Meredith,Heaton
315,Designer,Russel_Vallory6050@guentu.biz,Russel,Vallory
316,Lecturer,Jayden_Gavin1910@vetan.org,Jayden,Gavin
317,Accountant,Vivian_Dickson2409@hourpy.biz,Vivian,Dickson
318,Treasurer,Aileen_Gates4493@infotech44.tech,Aileen,Gates
319,Front Desk Coordinator,Claire_Steer7861@mafthy.com,Claire,Steer
320,Systems Administrator,Owen_Martin1975@supunk.biz,Owen,Martin
321,Clerk,Alexander_Vallins740@deons.tech,Alexander,Vallins
322,Bookkeeper,Tyler_Knott5834@infotech44.tech,Tyler,Knott
323,Dentist,Grace_Wilson3794@extex.org,Grace,Wilson
324,Paramedic,Doug_Wren9766@yahoo.com,Doug,Wren
325,Front Desk Coordinator,Erica_Bennett7091@joiniaa.com,Erica,Bennett
326,Webmaster,Lauren_Adler9345@nanoff.biz,Lauren,Adler
327,Mobile Developer,Mona_Dann4330@gompie.com,Mona,Dann
328,Restaurant Manager,Jacob_Yang477@elnee.tech,Jacob,Yang
329,Fabricator,Roger_Brooks6395@nimogy.biz,Roger,Brooks
330,Dentist,Anabelle_Spencer1431@womeona.net,Anabelle,Spencer
331,Software Engineer,Callie_Palmer3714@elnee.tech,Callie,Palmer
332,Systems Administrator,Ember_Khan8494@liret.org,Ember,Khan
333,Baker,Sebastian_Emmott3993@bulaffy.com,Sebastian,Emmott
334,Baker,Barry_Mcgee5493@famism.biz,Barry,Mcgee
335,Pharmacist,Elena_Holt608@atink.com,Elena,Holt
336,Cashier,Adelaide_Hall1013@famism.biz,Adelaide,Hall
337,Machine Operator,Joseph_Ebbs663@nickia.com,Joseph,Ebbs
338,Business Broker,Harry_Murray1562@gompie.com,Harry,Murray
339,Front Desk Coordinator,Ronald_Palmer5329@hourpy.biz,Ronald,Palmer
340,IT Support Staff,Gemma_Squire1692@muall.tech,Gemma,Squire
341,Laboratory Technician,Samantha_Jones3197@bauros.biz,Samantha,Jones
342,Paramedic,Wade_Jackson7406@famism.biz,Wade,Jackson
343,HR Coordinator,Denis_Franks1443@deons.tech,Denis,Franks
344,Bookkeeper,Mabel_Giles6283@bungar.biz,Mabel,Giles
345,Bookkeeper,Kieth_Jarrett5419@liret.org,Kieth,Jarrett
346,Software Engineer,Aleksandra_Haines5685@nanoff.biz,Aleksandra,Haines
347,Operator,Cassandra_Robertson5455@gmail.com,Cassandra,Robertson
348,Project Manager,Mya_Pierce642@bauros.biz,Mya,Pierce
349,HR Coordinator,Daniel_Curtis4579@cispeto.com,Daniel,Curtis
350,CNC Operator,Benny_West5424@irrepsy.com,Benny,West
351,Fabricator,Johnny_Broomfield9895@nimogy.biz,Johnny,Broomfield
352,Stockbroker,Alexander_Drake5381@eirey.tech,Alexander,Drake
353,Restaurant Manager,Johnny_Richards8319@muall.tech,Johnny,Richards
354,Paramedic,Alan_Freeburn1679@supunk.biz,Alan,Freeburn
355,Food Technologist,Carmella_Cattell3851@bauros.biz,Carmella,Cattell
356,Machine Operator,Daron_Vallory3335@gmail.com,Daron,Vallory
357,Cash Manager,Rebecca_Michael7072@tonsy.org,Rebecca,Michael
358,Accountant,Fred_Blackwall4131@irrepsy.com,Fred,Blackwall
359,Baker,Logan_Tindall2070@typill.biz,Logan,Tindall
360,Dentist,Norah_Dobson7946@nimogy.biz,Norah,Dobson
361,Investment Advisor,Livia_Turner5704@gembat.biz,Livia,Turner
362,Call Center Representative,Sydney_Hunt5346@irrepsy.com,Sydney,Hunt
363,Budget Analyst,Ron_Sanchez3449@deons.tech,Ron,Sanchez
364,CNC Operator,Hank_Asher8193@twace.org,Hank,Asher
365,Executive Director,Chester_Drake1668@nimogy.biz,Chester,Drake
366,Retail Trainee,Abdul_Kennedy9982@atink.com,Abdul,Kennedy
367,Business Broker,Elle_Townend9401@kideod.biz,Elle,Townend
368,Paramedic,Michael_Thomas1881@cispeto.com,Michael,Thomas
369,Dentist,Marina_King3145@mafthy.com,Marina,King
370,Machine Operator,Zara_Roth1368@irrepsy.com,Zara,Roth
371,Auditor,Mayleen_Ellis5655@muall.tech,Mayleen,Ellis
372,Production Painter,Tara_Morris7586@jiman.org,Tara,Morris
373,IT Support Staff,Esmeralda_Ross412@sveldo.biz,Esmeralda,Ross
374,Software Engineer,Gemma_Stevens8589@eirey.tech,Gemma,Stevens
375,Accountant,Martin_Uttley8422@supunk.biz,Martin,Uttley
376,Design Engineer,Nate_Vernon4495@corti.com,Nate,Vernon
377,Executive Director,Alexander_Brown5778@womeona.net,Alexander,Brown
378,CNC Operator,Rebecca_Davies1421@extex.org,Rebecca,Davies
379,Stockbroker,Isabella_Jones1726@naiker.biz,Isabella,Jones
380,Cook,Russel_Ventura5214@zorer.org,Russel,Ventura
381,IT Support Staff,William_Dempsey2056@naiker.biz,William,Dempsey
382,Cook,Nicholas_Atkinson6439@gembat.biz,Nicholas,Atkinson
383,HR Specialist,Aiden_Whitmore5651@ubusive.com,Aiden,Whitmore
384,Insurance Broker,Eve_Oakley2757@gmail.com,Eve,Oakley
385,Banker,Marvin_Garner6660@bungar.biz,Marvin,Garner
386,Laboratory Technician,Bart_Scott2248@gompie.com,Bart,Scott
387,Web Developer,Lucas_Lane8534@supunk.biz,Lucas,Lane
388,Web Developer,Scarlett_Owen5257@liret.org,Scarlett,Owen
389,Budget Analyst,Manuel_Randall584@supunk.biz,Manuel,Randall
390,Retail Trainee,Megan_Ellison8151@yahoo.com,Megan,Ellison
391,Designer,Ron_Archer4594@kideod.biz,Ron,Archer
392,Machine Operator,Ruby_Ainsworth1260@extex.org,Ruby,Ainsworth
393,Investment Advisor,Danny_York9194@dionrab.com,Danny,York
394,Paramedic,Tony_Rodwell1756@corti.com,Tony,Rodwell
395,Doctor,Mason_Shaw9645@corti.com,Mason,Shaw
396,Insurance Broker,Moira_Woodley3947@mafthy.com,Moira,Woodley
397,Systems Administrator,John_Ogilvy3571@muall.tech,John,Ogilvy
398,Cook,Jasmine_Murray2873@hourpy.biz,Jasmine,Murray
399,Associate Professor,Alan_Baldwin3711@famism.biz,Alan,Baldwin
400,CNC Operator,Enoch_Niles2505@nickia.com,Enoch,Niles
401,Designer,Melody_Whatson1722@vetan.org,Melody,Whatson
402,Laboratory Technician,Chuck_Boyle6809@nickia.com,Chuck,Boyle
403,Ambulatory Nurse,Erica_Pierce1624@gembat.biz,Erica,Pierce
404,Designer,Ramon_Grant4237@naiker.biz,Ramon,Grant
405,Investment Advisor,Logan_Yang7993@jiman.org,Logan,Yang
406,Treasurer,Livia_Rossi6501@ovock.tech,Livia,Rossi
407,Bellman,Freya_Nicholls6282@twace.org,Freya,Nicholls
408,Machine Operator,Rocco_Bradshaw6129@sveldo.biz,Rocco,Bradshaw
409,Webmaster,Ethan_King4668@kideod.biz,Ethan,King
410,Clerk,Caleb_Fulton7014@atink.com,Caleb,Fulton
411,Chef Manager,Rufus_Cavanagh296@infotech44.tech,Rufus,Cavanagh
412,Baker,Bryce_Gibson6098@muall.tech,Bryce,Gibson
413,Doctor,Johnathan_Oswald4560@qater.org,Johnathan,Oswald
414,Assistant Buyer,George_Poole2069@supunk.biz,George,Poole
415,Insurance Broker,Enoch_Murphy7455@jiman.org,Enoch,Murphy
416,Global Logistics Supervisor,Phoebe_Rose1618@joiniaa.com,Phoebe,Rose
417,Cashier,Brad_Horton1854@guentu.biz,Brad,Horton
418,Bellman,Adalind_Veale7463@deavo.com,Adalind,Veale
419,Ambulatory Nurse,Rocco_Torres2411@infotech44.tech,Rocco,Torres
420,Mobile Developer,Leroy_Drake4341@brety.org,Leroy,Drake
421,HR Coordinator,Maxwell_Hilton8404@gompie.com,Maxwell,Hilton
422,Doctor,Elise_Roberts8763@famism.biz,Elise,Roberts
423,HR Specialist,Audrey_Russell6905@nickia.com,Audrey,Russell
424,Electrician,Johnny_Mccall4492@qater.org,Johnny,Mccall
425,Healthcare Specialist,Mabel_Abbot3474@bungar.biz,Mabel,Abbot
426,Chef Manager,Hazel_Goldsmith9352@nanoff.biz,Hazel,Goldsmith
427,Inspector,Nate_Lee6708@dionrab.com,Nate,Lee
428,Production Painter,Greta_Exton1862@ovock.tech,Greta,Exton
429,Auditor,Maxwell_Hill1541@fuliss.net,Maxwell,Hill
430,Staffing Consultant,Carolyn_Taylor4662@zorer.org,Carolyn,Taylor
431,Machine Operator,Renee_Ashwell6150@jiman.org,Renee,Ashwell
432,Pharmacist,Rocco_Freeburn5224@sheye.org,Rocco,Freeburn
433,Systems Administrator,Clint_Talbot7583@ovock.tech,Clint,Talbot
434,Pharmacist,Harvey_Utterson5930@iatim.tech,Harvey,Utterson
435,Mobile Developer,Harvey_Morris954@zorer.org,Harvey,Morris
436,Auditor,Isabel_Rosenbloom1720@zorer.org,Isabel,Rosenbloom
437,Pharmacist,Manuel_Noach667@twace.org,Manuel,Noach
438,Project Manager,Johnny_Fox9621@vetan.org,Johnny,Fox
439,Fabricator,Lorraine_Price6622@grannar.com,Lorraine,Price
440,Electrician,Adeline_Cork8337@grannar.com,Adeline,Cork
441,Business Broker,Rosalee_Cork3724@irrepsy.com,Rosalee,Cork
442,HR Coordinator,Rosa_Grey1233@iatim.tech,Rosa,Grey
443,Stockbroker,Nathan_Torres5879@bulaffy.com,Nathan,Torres
444,Electrician,Danny_Oldfield7435@extex.org,Danny,Oldfield
445,Electrician,Meredith_Beal1080@jiman.org,Meredith,Beal
446,Software Engineer,Eduardo_Brooks4494@eirey.tech,Eduardo,Brooks
447,HR Coordinator,Nick_Bentley4836@twipet.com,Nick,Bentley
448,Banker,Domenic_Simmons2042@extex.org,Domenic,Simmons
449,IT Support Staff,Benny_Adams6426@nanoff.biz,Benny,Adams
450,Web Developer,Carla_Bowen9423@corti.com,Carla,Bowen
451,Pharmacist,Lillian_Pearce28@tonsy.org,Lillian,Pearce
452,Laboratory Technician,Tiffany_Gibson2327@twace.org,Tiffany,Gibson
453,Treasurer,Andie_Summers6370@grannar.com,Andie,Summers
454,Laboratory Technician,Julian_Bell9547@famism.biz,Julian,Bell
455,Staffing Consultant,Caitlyn_Dale9951@bretoux.com,Caitlyn,Dale
456,Design Engineer,Caitlyn_Russel471@nickia.com,Caitlyn,Russel
457,Baker,Daron_Coll939@dionrab.com,Daron,Coll
458,CNC Operator,Rufus_Nelson4127@atink.com,Rufus,Nelson
459,Service Supervisor,Maxwell_Vince1178@mafthy.com,Maxwell,Vince
460,Electrician,Marie_Warden3057@iatim.tech,Marie,Warden
461,Ambulatory Nurse,William_Oswald1320@eirey.tech,William,Oswald
462,Operator,Alma_Reyes96@sheye.org,Alma,Reyes
463,CNC Operator,Janelle_Ross2159@jiman.org,Janelle,Ross
464,Business Broker,Hank_Utterson8727@vetan.org,Hank,Utterson
465,Steward,Barry_Wilton7215@gembat.biz,Barry,Wilton
466,Front Desk Coordinator,Summer_Leigh4792@sveldo.biz,Summer,Leigh
467,Laboratory Technician,Joseph_Tennant4669@twipet.com,Joseph,Tennant
468,Webmaster,Kieth_Bradley608@yahoo.com,Kieth,Bradley
469,Audiologist,Nancy_Graham4695@ovock.tech,Nancy,Graham
470,Design Engineer,Celia_Dixon4743@extex.org,Celia,Dixon
471,Baker,Sylvia_Corbett9258@cispeto.com,Sylvia,Corbett
472,Insurance Broker,Candice_Saunders7527@sheye.org,Candice,Saunders
473,Associate Professor,Owen_Victor7469@womeona.net,Owen,Victor
474,Front Desk Coordinator,Rick_Donovan8985@ubusive.com,Rick,Donovan
475,Designer,Mona_Tanner7533@deavo.com,Mona,Tanner
476,Dentist,Eryn_Jobson9100@liret.org,Eryn,Jobson
477,Machine Operator,Joseph_Ebbs9065@deavo.com,Joseph,Ebbs
478,Restaurant Manager,Bob_Uttridge9717@twipet.com,Bob,Uttridge
479,Chef Manager,Willow_Patel7328@supunk.biz,Willow,Patel
480,Cook,Elise_Murphy4537@gembat.biz,Elise,Murphy
481,Cashier,Jane_Durrant5749@mafthy.com,Jane,Durrant
482,Assistant Buyer,John_Watt7201@ubusive.com,John,Watt
483,Staffing Consultant,Benjamin_Ventura5972@supunk.biz,Benjamin,Ventura
484,Electrician,Fred_Plant1005@kideod.biz,Fred,Plant
485,CNC Operator,Emely_Neville7383@gembat.biz,Emely,Neville
486,Cashier,Liv_Mcleod5401@elnee.tech,Liv,Mcleod
487,Web Developer,Carrie_Truscott7512@twipet.com,Carrie,Truscott
488,Cash Manager,Johnny_Murphy3452@bauros.biz,Johnny,Murphy
489,Stockbroker,Enoch_Ainsworth1976@atink.com,Enoch,Ainsworth
490,Accountant,Mavis_Murphy1372@supunk.biz,Mavis,Murphy
491,Steward,Anthony_Jobson7648@elnee.tech,Anthony,Jobson
492,Bookkeeper,Marvin_Addis3368@sheye.org,Marvin,Addis
493,Lecturer,Chris_Rosenbloom298@sheye.org,Chris,Rosenbloom
494,Chef Manager,Melanie_Dwyer7669@muall.tech,Melanie,Dwyer
495,CNC Operator,Meredith_Speed4241@sheye.org,Meredith,Speed
496,Retail Trainee,Ema_Rigg5550@atink.com,Ema,Rigg
497,Bellman,Leroy_Ryan4760@bungar.biz,Leroy,Ryan
498,Bookkeeper,Gil_Ellery148@liret.org,Gil,Ellery
499,Biologist,Emmanuelle_Harris1592@bungar.biz,Emmanuelle,Harris
500,Doctor,Caleb_Pond1694@bauros.biz,Caleb,Pond