ID,Job Title,Email Address,FirstName,LastName
1,Web Developer,Amelia_Drummond5282@womeona.net,Amelia,Drummond
2,Banker,Cedrick_Groves6948@famism.biz,Cedrick,Groves
3,Budget Analyst,Denny_Skinner7769@elnee.tech,Denny,Skinner
4,HR Coordinator,Allison_Boden1092@joiniaa.com,Allison,Boden
5,Webmaster,Leilani_Lynn1574@iatim.tech,Leilani,Lynn
6,Design Engineer,Goldie_Beal594@acrit.org,Goldie,Beal
7,Stockbroker,Vivian_Lunt6367@grannar.com,Vivian,Lunt
8,Restaurant Manager,Anabel_Amstead4122@yahoo.com,Anabel,Amstead
9,Inspector,Gil_Russell4886@qater.org,Gil,Russell
10,Inspector,Carl_Dickson1127@deavo.com,Carl,Dickson
11,Production Painter,Daron_Isaac4903@womeona.net,Daron,Isaac
12,Assistant Buyer,Tony_Talbot362@hourpy.biz,Tony,Talbot
13,Investment Advisor,Domenic_Reid9959@atink.com,Domenic,Reid
14,Designer,Jasmine_Shepherd5182@grannar.com,Jasmine,Shepherd
15,Accountant,Manuel_Lewis2089@acrit.org,Manuel,Lewis
16,Electrician,Bryce_Samuel5885@supunk.biz,Bryce,Samuel
17,Clerk,Daphne_Seymour2666@liret.org,Daphne,Seymour
18,Paramedic,Jack_Addison7338@atink.com,Jack,Addison
19,Laboratory Technician,Cristal_Forester9623@elnee.tech,Cristal,Forester
20,Steward,Agnes_Santos1954@bungar.biz,Agnes,Santos
21,Biologist,Marissa_Waterson6790@nanoff.biz,Marissa,Waterson
22,Operator,Caleb_Nayler6247@zorer.org,Caleb,Nayler
23,Webmaster,Wade_Wilkinson4514@elnee.tech,Wade,Wilkinson
24,Health Educator,Tony_Morris7253@mafthy.com,Tony,Morris
25,Cashier,Kieth_Parker4340@bauros.biz,Kieth,Parker
26,Auditor,Tom_Smith7520@bauros.biz,Tom,Smith
27,Executive Director,Tyson_Harris9911@ubusive.com,Tyson,Harris
28,Pharmacist,Lucas_Smith8446@muall.tech,Lucas,Smith
29,Cash Manager,Caitlyn_Morrow601@twipet.com,Caitlyn,Morrow
30,Dentist,Michaela_Sylvester9006@extex.org,Michaela,Sylvester
31,Baker,Manuel_Hall2196@gompie.com,Manuel,Hall
32,Retail Trainee,Mason_Robinson5201@atink.com,Mason,Robinson
33,Associate Professor,Callie_Hobson9554@muall.tech,Callie,Hobson
34,Associate Professor,Lorraine_Dann8811@dionrab.com,Lorraine,Dann
35,Electrician,Johnathan_Ranks8293@womeona.net,Johnathan,Ranks
36,Audiologist,Gwenyth_Wilson2292@bauros.biz,Gwenyth,Wilson
37,Designer,David_Dale4557@vetan.org,David,Dale
38,Chef Manager,Lillian_Bradley3932@supunk.biz,Lillian,Bradley
39,Lecturer,Elisabeth_Pratt5882@kideod.biz,Elisabeth,Pratt
40,Physician,Marvin_Drummond2084@famism.biz,Marvin,Drummond
41,Assistant Buyer,Beatrice_Mcguire3029@deons.tech,Beatrice,Mcguire
42,Web Developer,Manuel_Wilkinson2559@gmail.com,Manuel,Wilkinson
43,Baker,Phillip_Jarrett1758@joiniaa.com,Phillip,Jarrett
44,Bookkeeper,Sadie_Lakey9324@sveldo.biz,Sadie,Lakey
45,Bellman,Leah_Webster5207@famism.biz,Leah,Webster
46,Bellman,Celia_Dixon3531@dionrab.com,Celia,Dixon
47,Cashier,Leroy_Benson6773@vetan.org,Leroy,Benson
48,Inspector,Phillip_Robertson5546@gompie.com,Phillip,Robertson
49,Insurance Broker,Anthony_Campbell2185@tonsy.org,Anthony,Campbell
50,Assistant Buyer,Freya_Phillips1214@extex.org,Freya,Phillips
51,Global Logistics Supervisor,Vera_Graves284@bretoux.com,Vera,Graves
52,Healthcare Specialist,Rocco_Drake6408@elnee.tech,Rocco,Drake
53,Treasurer,George_Blackburn5048@liret.org,George,Blackburn
54,Steward,Karen_Murphy2416@naiker.biz,Karen,Murphy
55,Software Engineer,Angela_Hunter407@deons.tech,Angela,Hunter
56,Service Supervisor,Mason_Wilcox5639@zorer.org,Mason,Wilcox
57,Call Center Representative,Victoria_Hobbs3712@irrepsy.com,Victoria,Hobbs
58,Restaurant Manager,Erica_Varndell5654@gompie.com,Erica,Varndell
59,Cook,Mason_Walsh4392@jiman.org,Mason,Walsh
60,HR Specialist,Javier_Stanley1756@supunk.biz,Javier,Stanley
61,Healthcare Specialist,Emmanuelle_Fields4335@corti.com,Emmanuelle,Fields
62,Healthcare Specialist,Mackenzie_Mitchell999@extex.org,Mackenzie,Mitchell
63,Physician,Caitlyn_Noon8252@eirey.tech,Caitlyn,Noon
64,HR Coordinator,Ruby_Uttridge7600@sheye.org,Ruby,Uttridge
65,Paramedic,Luke_Logan9218@twipet.com,Luke,Logan
66,Pharmacist,Angelica_Ebbs8733@guentu.biz,Angelica,Ebbs
67,Bellman,Bryon_Marshall5524@nickia.com,Bryon,Marshall
68,Budget Analyst,Abdul_Warren940@grannar.com,Abdul,Warren
69,Fabricator,Miley_Chapman314@sveldo.biz,Miley,Chapman
70,Ambulatory Nurse,Christine_Jacobs5590@joiniaa.com,Christine,Jacobs
71,Call Center Representative,Sara_Bryant9140@womeona.net,Sara,Bryant
72,Software Engineer,Tania_Dowson7804@nimogy.biz,Tania,Dowson
73,Global Logistics Supervisor,Manuel_Shepherd7804@gmail.com,Manuel,Shepherd
74,Designer,Carmen_Benson319@twipet.com,Carmen,Benson
75,Project Manager,Chester_Jacobs2501@gembat.biz,Chester,Jacobs
76,Assistant Buyer,Sebastian_Snell1109@typill.biz,Sebastian,Snell
77,Assistant Buyer,Samara_Brown5245@bungar.biz,Samara,Brown
78,Operator,Rita_Rigg3170@extex.org,Rita,Rigg
79,Stockbroker,Tony_Mason5101@qater.org,Tony,Mason
80,Webmaster,Caleb_Holmes7575@gembat.biz,Caleb,Holmes
81,Stockbroker,Sofie_Edmonds8558@bungar.biz,Sofie,Edmonds
82,Front Desk Coordinator,Chelsea_Ulyatt4091@ovock.tech,Chelsea,Ulyatt
83,Web Developer,Mason_John8479@womeona.net,Mason,John
84,Software Engineer,Parker_Miller2601@joiniaa.com,Parker,Miller
85,Project Manager,Marigold_Thorpe742@bauros.biz,Marigold,Thorpe
86,Banker,Joyce_Sloan1455@acrit.org,Joyce,Sloan
87,Insurance Broker,Kieth_Price425@muall.tech,Kieth,Price
88,HR Specialist,Benny_Sherwood1165@irrepsy.com,Benny,Sherwood
89,Service Supervisor,Mona_Fowler5095@typill.biz,Mona,Fowler
90,Loan Officer,Julius_Clark2055@deons.tech,Julius,Clark
91,Food Technologist,Johnny_Riley1589@supunk.biz,Johnny,Riley
92,Cook,Gil_Driscoll4840@extex.org,Gil,Driscoll
93,CNC Operator,Cherish_John475@ubusive.com,Cherish,John
94,Healthcare Specialist,Clarissa_Matthews3655@deons.tech,Clarissa,Matthews
95,Call Center Representative,Mike_Cartwright4392@vetan.org,Mike,Cartwright
96,Dentist,Anabel_Walsh4848@dionrab.com,Anabel,Walsh
97,Associate Professor,Stella_Brooks9799@qater.org,Stella,Brooks
98,Doctor,Chris_Watt3556@zorer.org,Chris,Watt
99,Food Technologist,Claire_Rowlands5265@twace.org,Claire,Rowlands
100,Banker,Emely_Edler2484@bungar.biz,Emely,Edler
101,Restaurant Manager,Angelica_Ventura5396@eirey.tech,Angelica,Ventura
102,Insurance Broker,Rick_Walsh4540@famism.biz,Rick,Walsh
103,Electrician,Madison_Ramsey9543@elnee.tech,Madison,Ramsey
104,Designer,Tania_Addis4747@jiman.org,Tania,Addis
105,Project Manager,Jacqueline_Chadwick4948@brety.org,Jacqueline,Chadwick
106,Associate Professor,Remy_Jefferson3709@bretoux.com,Remy,Jefferson
107,Banker,Quinn_Mcguire7714@tonsy.org,Quinn,Mcguire
108,Restaurant Manager,Clint_Pitt9958@irrepsy.com,Clint,Pitt
109,Systems Administrator,Hope_Rehman8000@fuliss.net,Hope,Rehman
110,Cook,Kurt_Willson1253@mafthy.com,Kurt,Willson
111,Audiologist,Chuck_Carter7938@bretoux.com,Chuck,Carter
112,Call Center Representative,Ivy_Ainsworth1017@nanoff.biz,Ivy,Ainsworth
113,Treasurer,Sylvia_Lindop7240@ovock.tech,Sylvia,Lindop
114,Operator,Carter_Tait328@famism.biz,Carter,Tait
115,HR Specialist,Isabel_Emerson3789@brety.org,Isabel,Emerson
116,Stockbroker,Denis_Barrett880@infotech44.tech,Denis,Barrett
117,Business Broker,Tyson_Rosenbloom7220@atink.com,Tyson,Rosenbloom
118,Software Engineer,Cristal_James160@naiker.biz,Cristal,James
119,Software Engineer,Elena_Glass5940@twipet.com,Elena,Glass
120,Paramedic,Denny_Jacobs6273@nimogy.biz,Denny,Jacobs
121,CNC Operator,Brooklyn_Nelson7125@kideod.biz,Brooklyn,Nelson
122,Clerk,Mike_Stanton8033@dionrab.com,Mike,Stanton
123,Health Educator,Lexi_Townend1992@atink.com,Lexi,Townend
124,Global Logistics Supervisor,Nathan_Dale6088@joiniaa.com,Nathan,Dale
125,Laboratory Technician,Carissa_Gibson6966@cispeto.com,Carissa,Gibson
126,Doctor,Joyce_Fields7477@bretoux.com,Joyce,Fields
127,Loan Officer,Alessia_Baker6929@jiman.org,Alessia,Baker
128,Stockbroker,Deborah_Benfield2773@irrepsy.com,Deborah,Benfield
129,Design Engineer,Alexia_Harvey8313@joiniaa.com,Alexia,Harvey
130,Webmaster,Wade_Gosling5941@naiker.biz,Wade,Gosling
131,Treasurer,Jackeline_Addison1948@extex.org,Jackeline,Addison
132,Steward,Charlize_Evans4524@qater.org,Charlize,Evans
133,Service Supervisor,Daniel_Jobson3694@sveldo.biz,Daniel,Jobson
134,Designer,Bob_Henderson4029@guentu.biz,Bob,Henderson
135,Software Engineer,Lynn_Anderson3563@nickia.com,Lynn,Anderson
136,Fabricator,Audrey_Rossi6441@qater.org,Audrey,Rossi
137,Health Educator,Victoria_Jarrett5432@sveldo.biz,Victoria,Jarrett
138,Operator,Melania_Nanton2340@nanoff.biz,Melania,Nanton
139,Pharmacist,Marvin_Pearson4455@kideod.biz,Marvin,Pearson
140,Ambulatory Nurse,Cara_Bell1596@sheye.org,Cara,Bell
141,Pharmacist,Luna_Pickard8463@vetan.org,Luna,Pickard
142,Electrician,Rick_Dixon5947@bretoux.com,Rick,Dixon
143,Biologist,Jenna_Price194@fuliss.net,Jenna,Price
144,Budget Analyst,Michelle_Little7832@twipet.com,Michelle,Little
145,Fabricator,Mark_Radcliffe6914@infotech44.tech,Mark,Radcliffe
146,Production Painter,Rocco_Armstrong9945@bulaffy.com,Rocco,Armstrong
147,Operator,Belinda_Walker5536@nickia.com,Belinda,Walker
148,Fabricator,Jayden_Egerton4384@bretoux.com,Jayden,Egerton
149,Audiologist,Carina_Logan8257@grannar.com,Carina,Logan
150,Ambulatory Nurse,Ally_Welsch6604@extex.org,Ally,Welsch
151,CNC Operator,Percy_Jarrett789@kideod.biz,Percy,Jarrett
152,Business Broker,Hank_Overson9222@gompie.com,Hank,Overson
153,Budget Analyst,Boris_Wilkinson2842@supunk.biz,Boris,Wilkinson
154,Staffing Consultant,Peter_Redfern830@deavo.com,Peter,Redfern
155,Healthcare Specialist,Jacqueline_Rycroft1243@guentu.biz,Jacqueline,Rycroft
156,Banker,Carter_Hudson6288@fuliss.net,Carter,Hudson
157,Assistant Buyer,Manuel_Hilton6245@ovock.tech,Manuel,Hilton
158,Service Supervisor,Chadwick_Parker3294@grannar.com,Chadwick,Parker
159,Lecturer,Rosemary_Miller9016@deavo.com,Rosemary,Miller
160,Cook,Erin_Harrington202@gmail.com,Erin,Harrington
161,Laboratory Technician,Audrey_Collis5969@dionrab.com,Audrey,Collis
162,Accountant,Wade_Mason9431@nimogy.biz,Wade,Mason
163,Pharmacist,Harry_Forester2268@grannar.com,Harry,Forester
164,Global Logistics Supervisor,Zara_Yard7703@extex.org,Zara,Yard
165,Physician,Karla_Addis432@bretoux.com,Karla,Addis
166,Global Logistics Supervisor,Shelby_Mcnally7605@gompie.com,Shelby,Mcnally
167,Pharmacist,Goldie_Moore6148@mafthy.com,Goldie,Moore
168,Operator,Alex_Wright7550@elnee.tech,Alex,Wright
169,Retail Trainee,Jamie_Murray3405@jiman.org,Jamie,Murray
170,Chef Manager,Jacob_Mann8927@womeona.net,Jacob,Mann
171,Ambulatory Nurse,Danny_Olivier8896@deons.tech,Danny,Olivier
172,Service Supervisor,Daron_Varndell4093@yahoo.com,Daron,Varndell
173,Design Engineer,Domenic_Williams5614@acrit.org,Domenic,Williams
174,Webmaster,Rae_Tyler4406@muall.tech,Rae,Tyler
175,Fabricator,Manuel_Bristow2974@bulaffy.com,Manuel,Bristow
176,Designer,Owen_Hunter7462@twipet.com,Owen,Hunter
177,Accountant,Adela_Ogilvy6540@eirey.tech,Adela,Ogilvy
178,Mobile Developer,Emerald_Hooper4327@tonsy.org,Emerald,Hooper
179,Loan Officer,Tony_Edmonds6411@deavo.com,Tony,Edmonds
180,Treasurer,Phillip_Hammond4380@gompie.com,Phillip,Hammond
181,Ambulatory Nurse,Elijah_Cox3352@zorer.org,Elijah,Cox
182,Doctor,Irene_Bennett5482@iatim.tech,Irene,Bennett
183,Restaurant Manager,Hayden_Rose9248@iatim.tech,Hayden,Rose
184,Designer,Mayleen_Emmott8640@bulaffy.com,Mayleen,Emmott
185,Retail Trainee,Denis_Fox3527@womeona.net,Denis,Fox
186,Food Technologist,Stephanie_Greenwood2754@cispeto.com,Stephanie,Greenwood
187,Inspector,Chloe_Vass8483@eirey.tech,Chloe,Vass
188,Fabricator,Gil_Boden7601@elnee.tech,Gil,Boden
189,Business Broker,Nick_Herbert460@kideod.biz,Nick,Herbert
190,Restaurant Manager,Rita_Mooney6781@gmail.com,Rita,Mooney
191,Laboratory Technician,Jacob_Snell7119@joiniaa.com,Jacob,Snell
192,Food Technologist,Domenic_Murphy130@hourpy.biz,Domenic,Murphy
193,Service Supervisor,Tony_Newton4921@deavo.com,Tony,Newton
194,HR Specialist,Bob_Ripley5395@liret.org,Bob,Ripley
195,Machine Operator,Jayden_Mcgregor944@twipet.com,Jayden,Mcgregor
196,Banker,Tom_Gallacher9696@extex.org,Tom,Gallacher
197,Doctor,Phillip_Gilmore4203@bauros.biz,Phillip,Gilmore
198,Ambulatory Nurse,Eden_Kelly9786@bretoux.com,Eden,Kelly
199,Chef Manager,Tyler_Locke5930@brety.org,Tyler,Locke
200,Audiologist,Rylee_Warner5280@corti.com,Rylee,Warner
201,Retail Trainee,Carrie_Wood5417@vetan.org,Carrie,Wood
202,Banker,Leslie_Allwood966@dionrab.com,Leslie,Allwood
203,CNC Operator,Lillian_Veale392@deons.tech,Lillian,Veale
204,Insurance Broker,Crystal_Rigg6125@guentu.biz,Crystal,Rigg
205,Physician,Domenic_Curtis5437@yahoo.com,Domenic,Curtis
206,Cashier,Rachael_Cooper6961@kideod.biz,Rachael,Cooper
207,Business Broker,Denny_Rixon1553@liret.org,Denny,Rixon
208,Baker,Norah_Varndell968@twace.org,Norah,Varndell
209,Business Broker,Noah_Carter2963@liret.org,Noah,Carter
210,Designer,Evie_Ellery2975@elnee.tech,Evie,Ellery
211,Systems Administrator,Enoch_Aldridge7051@brety.org,Enoch,Aldridge
212,Staffing Consultant,Hannah_Cann4520@bungar.biz,Hannah,Cann
213,Inspector,Sadie_Cassidy4448@elnee.tech,Sadie,Cassidy
214,Lecturer,Doris_Ward602@bauros.biz,Doris,Ward
215,Chef Manager,Andrea_Wood3254@gembat.biz,Andrea,Wood
216,Pharmacist,Ilona_Tate2789@tonsy.org,Ilona,Tate
217,Fabricator,Carter_Gray7983@corti.com,Carter,Gray
218,Ambulatory Nurse,Robyn_Johnson8641@zorer.org,Robyn,Johnson
219,Banker,Denis_Swan5685@eirey.tech,Denis,Swan
220,Operator,Rufus_Cooper9053@gompie.com,Rufus,Cooper
221,HR Coordinator,Julius_Martin3323@dionrab.com,Julius,Martin
222,Project Manager,Barney_Shaw3477@corti.com,Barney,Shaw
223,Dentist,Zoe_Callan1697@gembat.biz,Zoe,Callan
224,Electrician,Amelia_Upton5971@kideod.biz,Amelia,Upton
225,Designer,Julian_Price5315@liret.org,Julian,Price
226,Restaurant Manager,Mike_Shields7824@brety.org,Mike,Shields
227,Bellman,Barry_Abbot8887@tonsy.org,Barry,Abbot
228,Production Painter,Denny_Woodley7821@supunk.biz,Denny,Woodley
229,Retail Trainee,Nicholas_Walsh4765@brety.org,Nicholas,Walsh
230,Baker,David_Ward9173@bretoux.com,David,Ward
231,Pharmacist,Marilyn_Rowan2524@bauros.biz,Marilyn,Rowan
232,Web Developer,Jayden_Olivier4058@infotech44.tech,Jayden,Olivier
233,CNC Operator,Maxwell_Fox2475@gembat.biz,Maxwell,Fox
234,Budget Analyst,Leroy_Simmons7285@irrepsy.com,Leroy,Simmons
235,Retail Trainee,Daniel_Farmer2836@mafthy.com,Daniel,Farmer
236,Operator,Benjamin_Reynolds9297@bulaffy.com,Benjamin,Reynolds
237,Budget Analyst,Karla_Owens665@gembat.biz,Karla,Owens
238,Business Broker,Peter_Thomson2074@jiman.org,Peter,Thomson
239,Global Logistics Supervisor,Barney_Robertson5164@deons.tech,Barney,Robertson
240,Production Painter,Carl_Ebden9061@nimogy.biz,Carl,Ebden
241,HR Specialist,Livia_Rowlands4903@bretoux.com,Livia,Rowlands
242,Pharmacist,Enoch_Ward9584@cispeto.com,Enoch,Ward
243,Operator,Bart_Smith7358@twace.org,Bart,Smith
244,Stockbroker,Mark_Ianson6480@jiman.org,Mark,Ianson
245,Baker,Nate_Talbot7636@zorer.org,Nate,Talbot
246,Dentist,Harry_Lambert94@liret.org,Harry,Lambert
247,CNC Operator,Sabina_Stewart4957@supunk.biz,Sabina,Stewart
248,Production Painter,Dasha_Calderwood204@atink.com,Dasha,Calderwood
249,Front Desk Coordinator,Judith_Page 1084@hourpy.biz,Judith,Page 
250,Mobile Developer,Julia_Hilton8928@cispeto.com,Julia,Hilton
251,Fabricator,Eden_Richards9484@acrit.org,Eden,Richards
252,Cashier,Skylar_Grey4328@gmail.com,Skylar,Grey
253,Steward,Fred_Partridge1224@deons.tech,Fred,Partridge
254,Lecturer,Claire_Gordon3849@iatim.tech,Claire,Gordon
255,Insurance Broker,Carl_Vangness4270@deavo.com,Carl,Vangness
256,Healthcare Specialist,Kaylee_Roberts673@joiniaa.com,Kaylee,Roberts
257,Webmaster,Jamie_Collins5496@elnee.tech,Jamie,Collins
258,Auditor,Ellen_Moss9530@acrit.org,Ellen,Moss
259,Operator,Kendra_Clarke4774@iatim.tech,Kendra,Clarke
260,Banker,Gil_Reynolds7052@elnee.tech,Gil,Reynolds
261,Chef Manager,Joseph_Evans2464@cispeto.com,Joseph,Evans
262,Dentist,Rachael_Wheeler7512@jiman.org,Rachael,Wheeler
263,CNC Operator,Livia_Norris8450@kideod.biz,Livia,Norris
264,Restaurant Manager,Tyler_Cork3826@fuliss.net,Tyler,Cork
265,Bellman,Lynn_Taylor5966@extex.org,Lynn,Taylor
266,Cashier,Lily_Moss140@gompie.com,Lily,Moss
267,Systems Administrator,Valentina_Buckley6486@typill.biz,Valentina,Buckley
268,Bellman,Juliette_Alldridge3392@kideod.biz,Juliette,Alldridge
269,Inspector,Nate_Lloyd8787@supunk.biz,Nate,Lloyd
270,Software Engineer,Lillian_Crawford802@kideod.biz,Lillian,Crawford
271,Service Supervisor,Havana_Turner654@brety.org,Havana,Turner
272,Service Supervisor,Martin_Atkinson2579@guentu.biz,Martin,Atkinson
273,Staffing Consultant,Quinn_Appleton110@brety.org,Quinn,Appleton
274,Bookkeeper,Tom_Saunders5673@brety.org,Tom,Saunders
275,Banker,Leroy_Yarlett4016@atink.com,Leroy,Yarlett
276,Software Engineer,Luna_Logan4347@nanoff.biz,Luna,Logan
277,Biologist,Kate_Collingwood5326@gompie.com,Kate,Collingwood
278,Bellman,Molly_Hunter5067@bungar.biz,Molly,Hunter
279,Call Center Representative,Daria_Lee2486@elnee.tech,Daria,Lee
280,Healthcare Specialist,Tyson_Wilson7996@elnee.tech,Tyson,Wilson
281,Dentist,Anais_Nicolas1418@liret.org,Anais,Nicolas
282,Staffing Consultant,Priscilla_Morley5239@gmail.com,Priscilla,Morley
283,Design Engineer,Amelia_Nelson6712@twipet.com,Amelia,Nelson
284,Cashier,Marvin_Tindall3225@ubusive.com,Marvin,Tindall
285,Service Supervisor,Erica_Thorpe6939@ovock.tech,Erica,Thorpe
286,Web Developer,Aeris_Wright2620@tonsy.org,Aeris,Wright
287,HR Specialist,Denny_Flack3065@gembat.biz,Denny,Flack
288,Accountant,Nicholas_Ward4213@supunk.biz,Nicholas,Ward
289,Lecturer,Keira_Weasley855@vetan.org,Keira,Weasley
290,Dentist,Harvey_King324@twace.org,Harvey,King
291,Ambulatory Nurse,Natalie_Evans5510@gembat.biz,Natalie,Evans
292,Budget Analyst,Bethany_Vass5927@dionrab.com,Bethany,Vass
293,Stockbroker,Barry_Andersson4925@eirey.tech,Barry,Andersson
294,Assistant Buyer,Belinda_Gavin4291@twipet.com,Belinda,Gavin
295,Health Educator,Owen_Holmes5929@deavo.com,Owen,Holmes
296,Auditor,Luke_Skinner3676@corti.com,Luke,Skinner
297,Associate Professor,Alexander_Milner4035@deavo.com,Alexander,Milner
298,Mobile Developer,Javier_Attwood7149@nimogy.biz,Javier,Attwood
299,Chef Manager,Peter_Campbell8375@twace.org,Peter,Campbell
300,Production Painter,Gabriel_Ramsey7896@bretoux.com,Gabriel,Ramsey
301,Food Technologist,Cherish_Clifford5734@famism.biz,Cherish,Clifford
302,IT Support Staff,David_Buckley5727@dionrab.com,David,Buckley
303,Chef Manager,Liam_Mooney6506@hourpy.biz,Liam,Mooney
304,Dentist,Rick_White5357@vetan.org,Rick,White
305,Steward,Bryon_Becker3700@bulaffy.com,Bryon,Becker
306,IT Support Staff,Carol_Kennedy2836@extex.org,Carol,Kennedy
307,Service Supervisor,Cedrick_White67@muall.tech,Cedrick,White
308,Biologist,Josh_Kerr5384@bauros.biz,Josh,Kerr
309,Front Desk Coordinator,Sonya_Drummond3236@ubusive.com,Sonya,Drummond
310,Production Painter,Danny_Yard3583@deavo.com,Danny,Yard
311,Clerk,Leanne_Farrell4641@ovock.tech,Leanne,Farrell
312,Auditor,Kirsten_Alldridge9040@twipet.com,Kirsten,Alldridge
313,Restaurant Manager,Madison_Walsh7130@bulaffy.com,Madison,Walsh
314,Ambulatory Nurse,Julian_Reid2115@typill.biz,Julian,Reid
315,Auditor,Thea_Reese5614@gmail.com,Thea,Reese
316,Machine Operator,Anthony_Rossi7426@qater.org,Anthony,Rossi
317,Systems Administrator,Daniel_Roth9683@atink.com,Daniel,Roth
318,Designer,Marvin_Richards6379@joiniaa.com,Marvin,Richards
319,HR Coordinator,Tyler_Turner619@iatim.tech,Tyler,Turner
320,Budget Analyst,Belinda_Shaw5599@nickia.com,Belinda,Shaw
321,Doctor,Melania_Baldwin999@brety.org,Melania,Baldwin
322,Restaurant Manager,Clint_Pratt9283@typill.biz,Clint,Pratt
323,Clerk,Bryon_Coleman8677@muall.tech,Bryon,Coleman
324,Paramedic,Karla_Anderson6969@ubusive.com,Karla,Anderson
325,Front Desk Coordinator,Chloe_Snow4556@gompie.com,Chloe,Snow
326,Clerk,Hayden_Forth982@supunk.biz,Hayden,Forth
327,Loan Officer,Daron_Edwards4561@bauros.biz,Daron,Edwards
328,Bellman,Valerie_Eddison8999@nimogy.biz,Valerie,Eddison
329,Cook,Charlotte_Ebden2663@extex.org,Charlotte,Ebden
330,Banker,Tony_Ryan9336@nanoff.biz,Tony,Ryan
331,Software Engineer,Danny_Riley2752@guentu.biz,Danny,Riley
332,Fabricator,Caydence_Collins739@acrit.org,Caydence,Collins
333,Machine Operator,Rick_Jones5133@sheye.org,Rick,Jones
334,HR Coordinator,Mona_Bradshaw8078@naiker.biz,Mona,Bradshaw
335,Clerk,Mark_Morrison4793@ovock.tech,Mark,Morrison
336,Designer,Manuel_Roth9233@brety.org,Manuel,Roth
337,Executive Director,Clint_Murphy5265@fuliss.net,Clint,Murphy
338,Clerk,Fred_Rothwell3825@nimogy.biz,Fred,Rothwell
339,Operator,Alice_Dickson8156@sheye.org,Alice,Dickson
340,IT Support Staff,Lauren_Clark6126@gompie.com,Lauren,Clark
341,Designer,Rick_Greenwood3664@cispeto.com,Rick,Greenwood
342,Investment Advisor,Nate_Tutton6623@nickia.com,Nate,Tutton
343,Bellman,Henry_Aldridge1366@acrit.org,Henry,Aldridge
344,HR Coordinator,Anthony_Vane5832@bretoux.com,Anthony,Vane
345,Dentist,Erick_Stone 3338@muall.tech,Erick,Stone 
346,Associate Professor,William_Hooper1343@cispeto.com,William,Hooper
347,Production Painter,Jack_Fields2395@corti.com,Jack,Fields
348,CNC Operator,Leroy_Truscott8295@bauros.biz,Leroy,Truscott
349,Inspector,Carl_Webster5888@gmail.com,Carl,Webster
350,Mobile Developer,Bart_Huggins7156@sheye.org,Bart,Huggins
351,Investment Advisor,Lynn_Harvey1720@nickia.com,Lynn,Harvey
352,Fabricator,Camden_Edwards7047@nanoff.biz,Camden,Edwards
353,Food Technologist,Daron_Saunders1732@famism.biz,Daron,Saunders
354,Associate Professor,Florence_Farmer2719@dionrab.com,Florence,Farmer
355,Mobile Developer,Gina_Murray4221@extex.org,Gina,Murray
356,Production Painter,Cedrick_Page 1420@eirey.tech,Cedrick,Page 
357,Restaurant Manager,Sienna_Jennson9006@mafthy.com,Sienna,Jennson
358,Loan Officer,Johnathan_Mccall4400@famism.biz,Johnathan,Mccall
359,Web Developer,Carissa_Wren8004@sveldo.biz,Carissa,Wren
360,Stockbroker,Carl_Whitmore6547@fuliss.net,Carl,Whitmore
361,Retail Trainee,Sebastian_Ross9371@naiker.biz,Sebastian,Ross
362,Designer,Adeline_Edler2595@extex.org,Adeline,Edler
363,Web Developer,Jack_Lee1793@kideod.biz,Jack,Lee
364,Paramedic,Leslie_Mccall4863@gembat.biz,Leslie,Mccall
365,Assistant Buyer,Angel_Blythe7802@infotech44.tech,Angel,Blythe
366,Banker,Piper_Harper2923@deavo.com,Piper,Harper
367,Fabricator,Boris_Nayler1039@gompie.com,Boris,Nayler
368,Investment Advisor,Danny_Vincent3188@deons.tech,Danny,Vincent
369,Global Logistics Supervisor,William_Burge588@deavo.com,William,Burge
370,Project Manager,Daniel_Ryan4386@typill.biz,Daniel,Ryan
371,Associate Professor,Gil_Howard902@extex.org,Gil,Howard
372,Bellman,Liam_Isaac8310@elnee.tech,Liam,Isaac
373,Treasurer,Sienna_Miller9540@elnee.tech,Sienna,Miller
374,Web Developer,John_Rose680@grannar.com,John,Rose
375,Global Logistics Supervisor,Manuel_Mann5367@jiman.org,Manuel,Mann
376,Treasurer,Daron_Thorpe8237@bretoux.com,Daron,Thorpe
377,Food Technologist,Daron_Newton5985@twace.org,Daron,Newton
378,Mobile Developer,Cynthia_Gordon2438@bretoux.com,Cynthia,Gordon
379,Web Developer,Rufus_Wood7190@iatim.tech,Rufus,Wood
380,Global Logistics Supervisor,Lillian_Moran2061@sveldo.biz,Lillian,Moran
381,Bellman,Tyson_Kennedy5266@twipet.com,Tyson,Kennedy
382,Loan Officer,Gemma_Whitehouse3110@sheye.org,Gemma,Whitehouse
383,Software Engineer,Camellia_Wellington3769@ubusive.com,Camellia,Wellington
384,Fabricator,Bob_Bingham2192@cispeto.com,Bob,Bingham
385,Dentist,Adela_Utterson5574@bulaffy.com,Adela,Utterson
386,Healthcare Specialist,Ron_Lloyd3298@bungar.biz,Ron,Lloyd
387,Designer,Ethan_Jenkin3697@sveldo.biz,Ethan,Jenkin
388,Business Broker,Chuck_Robe7864@muall.tech,Chuck,Robe
389,Physician,Natalie_Allen177@bungar.biz,Natalie,Allen
390,Fabricator,Johnathan_Edwards1087@acrit.org,Johnathan,Edwards
391,Health Educator,Jazmin_Thomas7019@tonsy.org,Jazmin,Thomas
392,Loan Officer,Liam_Ring3156@guentu.biz,Liam,Ring
393,Production Painter,Britney_Hancock3270@dionrab.com,Britney,Hancock
394,Front Desk Coordinator,Davina_Wooldridge9091@atink.com,Davina,Wooldridge
395,Cash Manager,Ruth_Osmond7581@supunk.biz,Ruth,Osmond
396,Stockbroker,Juliet_Marshall1993@bauros.biz,Juliet,Marshall
397,Designer,Samara_Warren1849@joiniaa.com,Samara,Warren
398,Health Educator,Benny_Stevens1556@brety.org,Benny,Stevens
399,Banker,Lara_Redfern4305@twipet.com,Lara,Redfern
400,Operator,Elijah_Wise4777@cispeto.com,Elijah,Wise
401,HR Coordinator,Angelina_Allcott1374@bulaffy.com,Angelina,Allcott
402,Laboratory Technician,Sadie_Gibson2493@supunk.biz,Sadie,Gibson
403,Webmaster,Iris_Bristow4261@dionrab.com,Iris,Bristow
404,Budget Analyst,Norah_Cox640@zorer.org,Norah,Cox
405,Lecturer,Georgia_Stubbs9402@dionrab.com,Georgia,Stubbs
406,Clerk,Helen_Wood2053@nickia.com,Helen,Wood
407,Bellman,Chuck_Ingham698@mafthy.com,Chuck,Ingham
408,Cash Manager,Kirsten_Addison6460@hourpy.biz,Kirsten,Addison
409,Budget Analyst,Cedrick_Robertson5029@guentu.biz,Cedrick,Robertson
410,HR Specialist,Julius_Allington9741@sveldo.biz,Julius,Allington
411,Stockbroker,Makenzie_Reid4829@ovock.tech,Makenzie,Reid
412,Designer,Liam_Corbett658@zorer.org,Liam,Corbett
413,Stockbroker,Tyler_Daniells4696@famism.biz,Tyler,Daniells
414,Clerk,Benjamin_Abbey31@sveldo.biz,Benjamin,Abbey
415,Chef Manager,Charlotte_Willis9001@yahoo.com,Charlotte,Willis
416,Baker,Louise_Rogan3291@eirey.tech,Louise,Rogan
417,Food Technologist,Rocco_Sloan3367@dionrab.com,Rocco,Sloan
418,Project Manager,Benny_Ellis1134@dionrab.com,Benny,Ellis
419,Production Painter,Cecilia_Weston2795@mafthy.com,Cecilia,Weston
420,Stockbroker,Rufus_Moore3230@corti.com,Rufus,Moore
421,Electrician,Alexander_Clark8939@yahoo.com,Alexander,Clark
422,Baker,Olivia_Simpson1156@zorer.org,Olivia,Simpson
423,Cook,Darlene_Rust3943@tonsy.org,Darlene,Rust
424,Retail Trainee,David_Irving8623@liret.org,David,Irving
425,HR Specialist,Jamie_Kelly8159@ovock.tech,Jamie,Kelly
426,Budget Analyst,Hannah_Roth8898@typill.biz,Hannah,Roth
427,Designer,Ilona_Knott1876@bulaffy.com,Ilona,Knott
428,Web Developer,Matthew_Sheldon4608@jiman.org,Matthew,Sheldon
429,Associate Professor,Ronald_James2781@sheye.org,Ronald,James
430,Restaurant Manager,Mike_Hastings205@deavo.com,Mike,Hastings
431,Loan Officer,Celina_Graham147@bungar.biz,Celina,Graham
432,Pharmacist,Gil_Bennett9224@atink.com,Gil,Bennett
433,Pharmacist,Jade_Vince124@deavo.com,Jade,Vince
434,Designer,Chuck_Rehman5560@guentu.biz,Chuck,Rehman
435,Machine Operator,Michael_Downing8356@hourpy.biz,Michael,Downing
436,Insurance Broker,Leroy_Palmer2048@twace.org,Leroy,Palmer
437,Biologist,Ethan_Murray4404@twipet.com,Ethan,Murray
438,Design Engineer,Georgia_Terry7908@grannar.com,Georgia,Terry
439,Call Center Representative,Johnny_Morgan2815@eirey.tech,Johnny,Morgan
440,Paramedic,Winnie_Mccall8188@supunk.biz,Winnie,Mccall
441,Steward,Rose_Rehman7157@mafthy.com,Rose,Rehman
442,Dentist,Jessica_Franks1213@gmail.com,Jessica,Franks
443,Staffing Consultant,Josh_Harris3150@nickia.com,Josh,Harris
444,Assistant Buyer,Daniel_Reynolds2000@bauros.biz,Daniel,Reynolds
445,CNC Operator,Bart_Lane217@twace.org,Bart,Lane
446,Production Painter,Emely_Potts6549@ovock.tech,Emely,Potts
447,Clerk,Matt_Grant9242@deons.tech,Matt,Grant
448,Pharmacist,Hope_Norton7255@bretoux.com,Hope,Norton
449,Systems Administrator,Marigold_Saunders1810@gembat.biz,Marigold,Saunders
450,Banker,Jack_Spencer3640@twace.org,Jack,Spencer
451,IT Support Staff,Marvin_Swift7455@famism.biz,Marvin,Swift
452,Treasurer,Mavis_Norton5109@womeona.net,Mavis,Norton
453,Production Painter,Amelia_Bayliss2707@eirey.tech,Amelia,Bayliss
454,Budget Analyst,Oliver_Mann1019@grannar.com,Oliver,Mann
455,Executive Director,Jane_Brown8891@qater.org,Jane,Brown
456,Stockbroker,Ally_Knight1869@bretoux.com,Ally,Knight
457,Banker,Drew_Harrison2675@nanoff.biz,Drew,Harrison
458,Cashier,Isla_Bolton5828@corti.com,Isla,Bolton
459,Audiologist,Makenzie_Olson4989@womeona.net,Makenzie,Olson
460,Dentist,Anabel_Gordon6168@typill.biz,Anabel,Gordon
461,Machine Operator,Bob_Evans8788@gembat.biz,Bob,Evans
462,Cook,Gabriel_Farmer3401@hourpy.biz,Gabriel,Farmer
463,Machine Operator,Deborah_Webster8361@yahoo.com,Deborah,Webster
464,Designer,Miley_Bell1876@nanoff.biz,Miley,Bell
465,Clerk,Louise_Norris6511@nickia.com,Louise,Norris
466,Cook,Andrea_Bishop9947@grannar.com,Andrea,Bishop
467,Biologist,Nick_Atkinson255@joiniaa.com,Nick,Atkinson
468,Cashier,Sebastian_Clayton2697@bungar.biz,Sebastian,Clayton
469,Retail Trainee,Tyson_Cadman5328@deons.tech,Tyson,Cadman
470,Cashier,Sofia_Roberts4746@eirey.tech,Sofia,Roberts
471,Designer,Aiden_Cadman6387@yahoo.com,Aiden,Cadman
472,Cashier,Russel_Herbert4923@iatim.tech,Russel,Herbert
473,Electrician,Martin_Simpson8368@guentu.biz,Martin,Simpson
474,Accountant,Margot_Harrison1169@irrepsy.com,Margot,Harrison
475,Executive Director,Bree_Rosenbloom3730@nimogy.biz,Bree,Rosenbloom
476,Food Technologist,Tony_Lambert557@acrit.org,Tony,Lambert
477,Chef Manager,Peter_Wheeler4645@ovock.tech,Peter,Wheeler
478,HR Coordinator,Barney_Downing4317@qater.org,Barney,Downing
479,Call Center Representative,Brooklyn_Nurton9081@corti.com,Brooklyn,Nurton
480,HR Coordinator,Carl_Owens8287@gembat.biz,Carl,Owens
481,Doctor,Alexander_Payne3037@vetan.org,Alexander,Payne
482,Call Center Representative,Alan_Slater7617@tonsy.org,Alan,Slater
483,Ambulatory Nurse,Francesca_Gardner5710@gembat.biz,Francesca,Gardner
484,Project Manager,Manuel_Newman35@atink.com,Manuel,Newman
485,Clerk,Cadence_Walsh3187@joiniaa.com,Cadence,Walsh
486,Food Technologist,Phillip_Blackburn4038@dionrab.com,Phillip,Blackburn
487,Retail Trainee,Mara_Thomas6136@supunk.biz,Mara,Thomas
488,Budget Analyst,Catherine_Lucas1867@ubusive.com,Catherine,Lucas
489,Lecturer,Ryan_Clifton101@hourpy.biz,Ryan,Clifton
490,Healthcare Specialist,Elly_Stewart9685@deons.tech,Elly,Stewart
491,Call Center Representative,William_Harvey7926@gembat.biz,William,Harvey
492,Designer,Elijah_Gregory8300@infotech44.tech,Elijah,Gregory
493,Biologist,William_Utterson1034@brety.org,William,Utterson
494,Steward,Rick_Russell2373@nickia.com,Rick,Russell
495,Healthcare Specialist,Crystal_Thomas7371@liret.org,Crystal,Thomas
496,IT Support Staff,Sylvia_Keys2359@extex.org,Sylvia,Keys
497,CNC Operator,Alice_Foxley4529@deons.tech,Alice,Foxley
498,Web Developer,Summer_Mann3460@brety.org,Summer,Mann
499,Business Broker,Luna_Shaw8921@cispeto.com,Luna,Shaw
500,Banker,Luke_Vaughn4950@typill.biz,Luke,Vaughn