ID,Job Title,Email Address,FirstName,LastName
1,Dentist,Thea_Sylvester1264@tonsy.org,Thea,Sylvester
2,Chef Manager,Monica_Rycroft9208@atink.com,Monica,Rycroft
3,Insurance Broker,Phillip_Nash2096@gembat.biz,Phillip,Nash
4,Machine Operator,Kurt_James8318@cispeto.com,Kurt,James
5,Electrician,Cassidy_Wilson3232@brety.org,Cassidy,Wilson
6,Production Painter,Camila_Reynolds2133@elnee.tech,Camila,Reynolds
7,Fabricator,Caleb_Griffiths3007@supunk.biz,Caleb,Griffiths
8,Operator,Aiden_Whinter9329@nickia.com,Aiden,Whinter
9,Mobile Developer,Valerie_Irving6921@extex.org,Valerie,Irving
10,Physician,Hayden_James506@extex.org,Hayden,James
11,Health Educator,Lucy_Chapman4573@deons.tech,Lucy,Chapman
12,HR Specialist,Alexander_Roberts7020@nickia.com,Alexander,Roberts
13,Global Logistics Supervisor,William_Shaw6881@acrit.org,William,Shaw
14,Staffing Consultant,Chloe_Butler5891@bulaffy.com,Chloe,Butler
15,Electrician,Chester_Goodman4910@tonsy.org,Chester,Goodman
16,Call Center Representative,Chad_Cavanagh6367@gompie.com,Chad,Cavanagh
17,Steward,Marvin_Seymour1341@elnee.tech,Marvin,Seymour
18,Accountant,Anthony_Squire58@fuliss.net,Anthony,Squire
19,Webmaster,Ramon_Appleton9463@joiniaa.com,Ramon,Appleton
20,Stockbroker,Courtney_Rosenbloom5200@gmail.com,Courtney,Rosenbloom
21,Cook,Liam_Wilton9479@supunk.biz,Liam,Wilton
22,Machine Operator,Jenna_Utterson9837@nanoff.biz,Jenna,Utterson
23,Food Technologist,Scarlett_Bennett9963@sheye.org,Scarlett,Bennett
24,Project Manager,Cara_Ellis4685@infotech44.tech,Cara,Ellis
25,Retail Trainee,Isla_Wren1427@bulaffy.com,Isla,Wren
26,Design Engineer,Cecilia_Asher7663@atink.com,Cecilia,Asher
27,Operator,Johnny_Driscoll1580@infotech44.tech,Johnny,Driscoll
28,Project Manager,Robyn_Utterson3449@brety.org,Robyn,Utterson
29,Physician,Angel_Rowe7281@nanoff.biz,Angel,Rowe
30,CNC Operator,Joseph_Thorne5136@sveldo.biz,Joseph,Thorne
31,Cook,George_Bell1641@ovock.tech,George,Bell
32,Front Desk Coordinator,Owen_Samuel4708@cispeto.com,Owen,Samuel
33,Healthcare Specialist,Mara_Clark5435@corti.com,Mara,Clark
34,Lecturer,Johnathan_Cooper9937@vetan.org,Johnathan,Cooper
35,Dentist,Ethan_Mcnally8466@joiniaa.com,Ethan,Mcnally
36,Dentist,Jacob_Salt952@guentu.biz,Jacob,Salt
37,Paramedic,Aiden_West8140@sheye.org,Aiden,West
38,Fabricator,Chris_Hewitt4967@muall.tech,Chris,Hewitt
39,Dentist,Carl_Isaac2333@kideod.biz,Carl,Isaac
40,Investment Advisor,Mona_Burnley1187@twipet.com,Mona,Burnley
41,Clerk,Meredith_Doherty7747@ubusive.com,Meredith,Doherty
42,Bellman,Enoch_Weston9755@irrepsy.com,Enoch,Weston
43,Service Supervisor,Karla_Ebden8507@brety.org,Karla,Ebden
44,Executive Director,Anthony_Mould7139@jiman.org,Anthony,Mould
45,Biologist,Stacy_Verdon7777@dionrab.com,Stacy,Verdon
46,Food Technologist,Noah_London1728@ovock.tech,Noah,London
47,Systems Administrator,Mark_Yates8770@typill.biz,Mark,Yates
48,Business Broker,Chadwick_Egerton4669@vetan.org,Chadwick,Egerton
49,Electrician,Ruby_Becker5664@twace.org,Ruby,Becker
50,Chef Manager,Lucas_Olson4742@extex.org,Lucas,Olson
51,Healthcare Specialist,Chester_Morrison9469@zorer.org,Chester,Morrison
52,Cook,Molly_Collingwood943@nanoff.biz,Molly,Collingwood
53,Stockbroker,Kendra_Savage5046@twipet.com,Kendra,Savage
54,Cash Manager,Marvin_Thorpe300@cispeto.com,Marvin,Thorpe
55,Fabricator,Robyn_Nurton9371@muall.tech,Robyn,Nurton
56,Electrician,Chanelle_Campbell4969@famism.biz,Chanelle,Campbell
57,HR Coordinator,Oliver_Lloyd9893@nanoff.biz,Oliver,Lloyd
58,Operator,Selena_Clark4492@elnee.tech,Selena,Clark
59,Design Engineer,Chris_Dale251@typill.biz,Chris,Dale
60,HR Coordinator,Enoch_Flack2766@dionrab.com,Enoch,Flack
61,Bellman,Maya_Booth2643@eirey.tech,Maya,Booth
62,Healthcare Specialist,Jacob_Harrison7429@atink.com,Jacob,Harrison
63,Business Broker,Alessandra_Vince225@twace.org,Alessandra,Vince
64,Stockbroker,Hayden_Simpson7859@bulaffy.com,Hayden,Simpson
65,Design Engineer,Phoebe_Brown6035@liret.org,Phoebe,Brown
66,Food Technologist,Marvin_Bradshaw2640@zorer.org,Marvin,Bradshaw
67,Laboratory Technician,Rocco_Lomax2560@iatim.tech,Rocco,Lomax
68,Steward,George_Fox6342@nimogy.biz,George,Fox
69,Operator,Stacy_Radley4082@twipet.com,Stacy,Radley
70,Treasurer,Joseph_Funnell3154@twace.org,Joseph,Funnell
71,HR Specialist,Gabriel_Warden1350@muall.tech,Gabriel,Warden
72,Associate Professor,Camellia_Cooper9508@tonsy.org,Camellia,Cooper
73,Restaurant Manager,Luke_Price620@extex.org,Luke,Price
74,IT Support Staff,Gabriel_Wright250@mafthy.com,Gabriel,Wright
75,Banker,Manuel_Owen8498@yahoo.com,Manuel,Owen
76,Accountant,Ethan_Lee6705@deons.tech,Ethan,Lee
77,CNC Operator,Estrella_Norton4063@nanoff.biz,Estrella,Norton
78,Laboratory Technician,Harvey_Bayliss3580@irrepsy.com,Harvey,Bayliss
79,Chef Manager,Anthony_Collingwood2518@extex.org,Anthony,Collingwood
80,Systems Administrator,Jennifer_Brooks5271@atink.com,Jennifer,Brooks
81,Bellman,Alexander_Thorpe9182@hourpy.biz,Alexander,Thorpe
82,Fabricator,Harriet_Miller1608@iatim.tech,Harriet,Miller
83,Chef Manager,Barry_Rodgers3162@liret.org,Barry,Rodgers
84,Healthcare Specialist,Makena_Rose8879@hourpy.biz,Makena,Rose
85,Steward,Lucas_Isaac2647@womeona.net,Lucas,Isaac
86,Healthcare Specialist,Harvey_Antcliff5495@extex.org,Harvey,Antcliff
87,Biologist,Morgan_Bryant4420@deons.tech,Morgan,Bryant
88,Machine Operator,Bob_Campbell5528@atink.com,Bob,Campbell
89,Production Painter,Caleb_Tyler6435@eirey.tech,Caleb,Tyler
90,Retail Trainee,Peter_Cavanagh3535@twipet.com,Peter,Cavanagh
91,Treasurer,Carina_Clifton8995@kideod.biz,Carina,Clifton
92,Auditor,Liam_Cox4440@deavo.com,Liam,Cox
93,Audiologist,Mary_Truscott3608@nickia.com,Mary,Truscott
94,Accountant,Mandy_Carter3146@irrepsy.com,Mandy,Carter
95,Budget Analyst,Chadwick_Lindop2965@muall.tech,Chadwick,Lindop
96,HR Coordinator,Laila_Lewis8553@fuliss.net,Laila,Lewis
97,HR Coordinator,Summer_Norris7708@liret.org,Summer,Norris
98,Physician,Sloane_Lindsay9931@dionrab.com,Sloane,Lindsay
99,Inspector,Celia_Savage7442@kideod.biz,Celia,Savage
100,Loan Officer,Adalie_Rose2619@fuliss.net,Adalie,Rose
101,Associate Professor,Tony_Turner6370@infotech44.tech,Tony,Turner
102,Software Engineer,Chad_Pearce2643@supunk.biz,Chad,Pearce
103,Cook,Logan_Whittle213@supunk.biz,Logan,Whittle
104,Laboratory Technician,Joyce_Jarvis2948@famism.biz,Joyce,Jarvis
105,IT Support Staff,Sasha_Jenkins6913@tonsy.org,Sasha,Jenkins
106,Auditor,Mary_Alcroft946@eirey.tech,Mary,Alcroft
107,Laboratory Technician,Chad_Daniells5378@zorer.org,Chad,Daniells
108,Cook,Caydence_Gibbons3077@twipet.com,Caydence,Gibbons
109,HR Coordinator,Lexi_Osman1501@acrit.org,Lexi,Osman
110,Laboratory Technician,Marvin_Mould56@cispeto.com,Marvin,Mould
111,Staffing Consultant,Carl_Speed7742@brety.org,Carl,Speed
112,Auditor,Wade_Dyson931@twace.org,Wade,Dyson
113,Bookkeeper,Doug_Jarrett9796@nanoff.biz,Doug,Jarrett
114,Biologist,Russel_Oakley6832@gembat.biz,Russel,Oakley
115,CNC Operator,Charlize_Douglas2386@tonsy.org,Charlize,Douglas
116,Design Engineer,Rosalie_Plumb7747@sheye.org,Rosalie,Plumb
117,Stockbroker,George_Palmer9565@nimogy.biz,George,Palmer
118,Audiologist,Elijah_Farmer6784@nanoff.biz,Elijah,Farmer
119,Staffing Consultant,Bree_Wilkinson8730@nickia.com,Bree,Wilkinson
120,Doctor,Fred_Gilmore6649@ovock.tech,Fred,Gilmore
121,Doctor,Adalie_Khan4822@muall.tech,Adalie,Khan
122,Steward,Dasha_Clark7306@corti.com,Dasha,Clark
123,Banker,Sydney_Neville2935@irrepsy.com,Sydney,Neville
124,Machine Operator,Nicholas_Driscoll7157@fuliss.net,Nicholas,Driscoll
125,Physician,Manuel_Richards3768@nickia.com,Manuel,Richards
126,Business Broker,Charlotte_Lindsay1941@fuliss.net,Charlotte,Lindsay
127,Bellman,Marvin_Collingwood5569@infotech44.tech,Marvin,Collingwood
128,Project Manager,Mavis_Vollans7117@supunk.biz,Mavis,Vollans
129,Dentist,Felicity_Farmer6751@grannar.com,Felicity,Farmer
130,Laboratory Technician,Andie_Wilson6132@kideod.biz,Andie,Wilson
131,Web Developer,Luna_Robertson9436@nimogy.biz,Luna,Robertson
132,Chef Manager,Alan_Murray9773@gembat.biz,Alan,Murray
133,Audiologist,Bart_Riley3317@mafthy.com,Bart,Riley
134,Cashier,Hayden_York8637@nanoff.biz,Hayden,York
135,Mobile Developer,Gwenyth_Gibson3311@sheye.org,Gwenyth,Gibson
136,Clerk,Alison_Wooldridge1139@sveldo.biz,Alison,Wooldridge
137,Steward,Tess_Furnell9045@joiniaa.com,Tess,Furnell
138,Health Educator,Rebecca_Newman9084@twace.org,Rebecca,Newman
139,IT Support Staff,Kurt_Hale1620@famism.biz,Kurt,Hale
140,Lecturer,Aurelia_Mcleod2123@qater.org,Aurelia,Mcleod
141,Budget Analyst,Marjorie_Wilcox8214@gompie.com,Marjorie,Wilcox
142,Inspector,Jacqueline_Camden3698@zorer.org,Jacqueline,Camden
143,Executive Director,Marvin_Calderwood58@jiman.org,Marvin,Calderwood
144,Assistant Buyer,Noemi_Hope4024@naiker.biz,Noemi,Hope
145,Banker,Joseph_Patel9391@atink.com,Joseph,Patel
146,HR Specialist,Mya_Gordon3734@gembat.biz,Mya,Gordon
147,Assistant Buyer,Lorraine_Widdows5645@gembat.biz,Lorraine,Widdows
148,Dentist,Alison_Jacobs240@gembat.biz,Alison,Jacobs
149,Auditor,Selena_Wooldridge8494@gembat.biz,Selena,Wooldridge
150,Designer,Ethan_Flett5762@sveldo.biz,Ethan,Flett
151,Project Manager,Domenic_Hill1262@twipet.com,Domenic,Hill
152,Systems Administrator,Ron_Callan5314@deons.tech,Ron,Callan
153,Restaurant Manager,Manuel_Ellery1923@liret.org,Manuel,Ellery
154,Loan Officer,Chadwick_Matthews3206@guentu.biz,Chadwick,Matthews
155,Associate Professor,Isabella_Shields43@mafthy.com,Isabella,Shields
156,Accountant,Macy_Plumb3130@supunk.biz,Macy,Plumb
157,Software Engineer,Kirsten_Locke4078@deons.tech,Kirsten,Locke
158,Call Center Representative,Naomi_Oakley1758@mafthy.com,Naomi,Oakley
159,Executive Director,Gwenyth_Shaw7811@eirey.tech,Gwenyth,Shaw
160,Service Supervisor,Boris_Robe9789@irrepsy.com,Boris,Robe
161,HR Specialist,Nina_Cooper738@guentu.biz,Nina,Cooper
162,Paramedic,Kieth_Lee7897@corti.com,Kieth,Lee
163,HR Specialist,Chester_Carter7141@irrepsy.com,Chester,Carter
164,Insurance Broker,Quinn_Drew128@fuliss.net,Quinn,Drew
165,Inspector,Zara_Wigley8099@kideod.biz,Zara,Wigley
166,Steward,Liam_Ranks7517@supunk.biz,Liam,Ranks
167,Global Logistics Supervisor,Eduardo_Ellery6034@joiniaa.com,Eduardo,Ellery
168,Loan Officer,Julius_Silva3961@hourpy.biz,Julius,Silva
169,Biologist,Angelique_Smith5910@guentu.biz,Angelique,Smith
170,Bellman,Sebastian_Willis6403@ubusive.com,Sebastian,Willis
171,Baker,Brad_Stark9248@zorer.org,Brad,Stark
172,Auditor,Liliana_Phillips1260@deons.tech,Liliana,Phillips
173,Service Supervisor,Javier_Villiger8268@extex.org,Javier,Villiger
174,Retail Trainee,Janice_Camden3498@elnee.tech,Janice,Camden
175,Operator,Doris_Harris5715@qater.org,Doris,Harris
176,Biologist,Oliver_Hunt7022@bauros.biz,Oliver,Hunt
177,Banker,Charlotte_Weldon4093@tonsy.org,Charlotte,Weldon
178,Dentist,Anabel_Cadman1220@bauros.biz,Anabel,Cadman
179,Clerk,Julianna_York1959@yahoo.com,Julianna,York
180,Steward,Ron_Blackwall3162@extex.org,Ron,Blackwall
181,Business Broker,Camila_Kaur8029@famism.biz,Camila,Kaur
182,Treasurer,Boris_Goodman6765@eirey.tech,Boris,Goodman
183,Design Engineer,Matt_Nanton1864@eirey.tech,Matt,Nanton
184,Call Center Representative,Caleb_Nicholls2345@kideod.biz,Caleb,Nicholls
185,Front Desk Coordinator,Harvey_Pearson441@guentu.biz,Harvey,Pearson
186,Operator,Brad_Harvey1791@dionrab.com,Brad,Harvey
187,Doctor,Cedrick_Upton8471@irrepsy.com,Cedrick,Upton
188,Cook,Callie_Robe558@hourpy.biz,Callie,Robe
189,Designer,Tyler_Fox5167@irrepsy.com,Tyler,Fox
190,Loan Officer,Jolene_Ellwood2699@gompie.com,Jolene,Ellwood
191,Bookkeeper,Maggie_Wilson1778@atink.com,Maggie,Wilson
192,Cook,Mark_Crawford880@fuliss.net,Mark,Crawford
193,CNC Operator,Rachael_Hardwick4698@bretoux.com,Rachael,Hardwick
194,Auditor,Roger_Crawley4000@jiman.org,Roger,Crawley
195,Global Logistics Supervisor,Mason_Drummond9456@muall.tech,Mason,Drummond
196,CNC Operator,Tony_Boyle8324@zorer.org,Tony,Boyle
197,Web Developer,Tyler_Yarlett4721@atink.com,Tyler,Yarlett
198,Inspector,Mavis_Whinter8632@sheye.org,Mavis,Whinter
199,Production Painter,Chuck_Walsh6683@twipet.com,Chuck,Walsh
200,Cash Manager,Adalie_Forth9236@extex.org,Adalie,Forth
201,Paramedic,Tyler_Burge4271@twace.org,Tyler,Burge
202,Health Educator,Percy_Thornton2415@zorer.org,Percy,Thornton
203,Investment Advisor,Maia_Clark8039@sveldo.biz,Maia,Clark
204,Stockbroker,Harvey_Trent115@dionrab.com,Harvey,Trent
205,Biologist,George_Raven6280@elnee.tech,George,Raven
206,CNC Operator,Melania_Cunningham7047@liret.org,Melania,Cunningham
207,Inspector,Cara_Lewin4647@yahoo.com,Cara,Lewin
208,Fabricator,Willow_Simpson6709@famism.biz,Willow,Simpson
209,Chef Manager,Evelynn_Donnelly3405@ovock.tech,Evelynn,Donnelly
210,Auditor,Javier_Ingram2492@irrepsy.com,Javier,Ingram
211,Lecturer,Tom_Webster4033@sveldo.biz,Tom,Webster
212,Chef Manager,Ryan_Gilbert633@supunk.biz,Ryan,Gilbert
213,Treasurer,Claire_Thomas6239@sveldo.biz,Claire,Thomas
214,Bookkeeper,Melody_Niles454@yahoo.com,Melody,Niles
215,Electrician,Ryan_Whatson9223@jiman.org,Ryan,Whatson
216,Assistant Buyer,Cedrick_Hall1989@nickia.com,Cedrick,Hall
217,Dentist,Vera_Palmer9828@guentu.biz,Vera,Palmer
218,Software Engineer,Mina_Gardner396@muall.tech,Mina,Gardner
219,Retail Trainee,Ramon_Reyes1881@grannar.com,Ramon,Reyes
220,Web Developer,Domenic_Blackburn5205@ubusive.com,Domenic,Blackburn
221,Bookkeeper,Hope_Phillips5141@joiniaa.com,Hope,Phillips
222,Operator,Abdul_Savage5150@joiniaa.com,Abdul,Savage
223,Bellman,Maribel_Gordon5015@qater.org,Maribel,Gordon
224,Web Developer,Javier_Hudson2372@atink.com,Javier,Hudson
225,Inspector,Maxwell_Weasley7765@gmail.com,Maxwell,Weasley
226,Machine Operator,Renee_Steer3797@ovock.tech,Renee,Steer
227,Service Supervisor,Chester_Blackwall9727@qater.org,Chester,Blackwall
228,Business Broker,Ellen_Walton613@liret.org,Ellen,Walton
229,Steward,Lillian_Rust3828@naiker.biz,Lillian,Rust
230,Staffing Consultant,Domenic_Giles3780@nickia.com,Domenic,Giles
231,Physician,Violet_Ward3261@joiniaa.com,Violet,Ward
232,Healthcare Specialist,Maggie_Cox4746@joiniaa.com,Maggie,Cox
233,Biologist,Harvey_Shepherd4897@brety.org,Harvey,Shepherd
234,Accountant,Madelyn_Leigh2215@twipet.com,Madelyn,Leigh
235,CNC Operator,Lorraine_Truscott6653@sveldo.biz,Lorraine,Truscott
236,Inspector,Jacob_Bowen806@acrit.org,Jacob,Bowen
237,Laboratory Technician,Rick_Victor846@brety.org,Rick,Victor
238,Stockbroker,Bree_Rogan5329@joiniaa.com,Bree,Rogan
239,Production Painter,Alexander_Squire5089@elnee.tech,Alexander,Squire
240,Webmaster,Domenic_Moreno8983@tonsy.org,Domenic,Moreno
241,Web Developer,Maxwell_Nayler7026@muall.tech,Maxwell,Nayler
242,Accountant,Roger_Andrews9826@guentu.biz,Roger,Andrews
243,IT Support Staff,Rocco_Bryson2500@deavo.com,Rocco,Bryson
244,Food Technologist,Henry_Pitt3708@irrepsy.com,Henry,Pitt
245,Global Logistics Supervisor,Mackenzie_Eddison2243@bauros.biz,Mackenzie,Eddison
246,Production Painter,Leah_Collingwood3338@vetan.org,Leah,Collingwood
247,Webmaster,Ryan_Khan2147@grannar.com,Ryan,Khan
248,Designer,Alan_Avery3755@sheye.org,Alan,Avery
249,Budget Analyst,Josephine_Wright2369@twipet.com,Josephine,Wright
250,Project Manager,Kimberly_Stark3334@gembat.biz,Kimberly,Stark
251,Front Desk Coordinator,Percy_Oswald802@typill.biz,Percy,Oswald
252,Mobile Developer,Roger_Power9720@nimogy.biz,Roger,Power
253,Investment Advisor,Joseph_Veale1549@ubusive.com,Joseph,Veale
254,Design Engineer,Luke_Hardwick6406@zorer.org,Luke,Hardwick
255,Machine Operator,Bob_Isaac891@naiker.biz,Bob,Isaac
256,Operator,Maya_Thomas7427@ovock.tech,Maya,Thomas
257,Mobile Developer,Ember_Tutton7556@yahoo.com,Ember,Tutton
258,Laboratory Technician,Celia_Tate42@cispeto.com,Celia,Tate
259,Assistant Buyer,Doug_Latham400@corti.com,Doug,Latham
260,Retail Trainee,Rose_Reynolds7456@grannar.com,Rose,Reynolds
261,Machine Operator,Samara_Lindsay7102@qater.org,Samara,Lindsay
262,HR Specialist,Daria_Parr456@kideod.biz,Daria,Parr
263,Mobile Developer,Daron_Dixon3778@elnee.tech,Daron,Dixon
264,Staffing Consultant,Thea_Windsor5686@acrit.org,Thea,Windsor
265,Physician,Tony_Shields993@brety.org,Tony,Shields
266,Mobile Developer,Chris_Norton5535@gembat.biz,Chris,Norton
267,Chef Manager,Joseph_Ogilvy1674@cispeto.com,Joseph,Ogilvy
268,Insurance Broker,Sofie_Hancock605@gompie.com,Sofie,Hancock
269,CNC Operator,Aeris_Rose4464@tonsy.org,Aeris,Rose
270,Web Developer,Natalie_Andrews3284@twipet.com,Natalie,Andrews
271,Cash Manager,Alexander_Upsdell7296@twipet.com,Alexander,Upsdell
272,Insurance Broker,Peter_Collingwood5714@supunk.biz,Peter,Collingwood
273,Baker,Bart_Whinter9334@gmail.com,Bart,Whinter
274,Audiologist,Leah_Hobson6018@typill.biz,Leah,Hobson
275,CNC Operator,Harvey_Watson2685@naiker.biz,Harvey,Watson
276,Food Technologist,Juliet_Cox1569@naiker.biz,Juliet,Cox
277,Machine Operator,Belinda_Bell4275@iatim.tech,Belinda,Bell
278,Webmaster,Jacob_Dyson9751@irrepsy.com,Jacob,Dyson
279,Service Supervisor,Carter_Penn8318@ubusive.com,Carter,Penn
280,Machine Operator,Sofie_Watson2569@extex.org,Sofie,Watson
281,Mobile Developer,Johnny_Rowe3155@dionrab.com,Johnny,Rowe
282,Bellman,Alma_Fox4051@deons.tech,Alma,Fox
283,Systems Administrator,Oliver_Potts4198@zorer.org,Oliver,Potts
284,Service Supervisor,Fred_Tindall7420@brety.org,Fred,Tindall
285,Paramedic,Ron_Fox3381@twace.org,Ron,Fox
286,Auditor,Anais_Dixon3251@iatim.tech,Anais,Dixon
287,Production Painter,Aurelia_King6383@sveldo.biz,Aurelia,King
288,Budget Analyst,Rita_Watson9143@ovock.tech,Rita,Watson
289,Call Center Representative,Domenic_Owen6549@acrit.org,Domenic,Owen
290,Assistant Buyer,Rebecca_Harrison8438@deavo.com,Rebecca,Harrison
291,Webmaster,Nathan_Coates8102@hourpy.biz,Nathan,Coates
292,Associate Professor,Liam_Weston1477@sheye.org,Liam,Weston
293,Software Engineer,Valerie_Shepherd1416@yahoo.com,Valerie,Shepherd
294,Bookkeeper,William_Asher7993@hourpy.biz,William,Asher
295,Business Broker,Margot_Patel7750@deons.tech,Margot,Patel
296,Front Desk Coordinator,Juliette_Thorpe305@infotech44.tech,Juliette,Thorpe
297,Ambulatory Nurse,Havana_Anderson6942@atink.com,Havana,Anderson
298,Executive Director,Paula_Styles2507@grannar.com,Paula,Styles
299,Web Developer,Tom_Lyon9422@corti.com,Tom,Lyon
300,Electrician,Ruby_Hill3614@elnee.tech,Ruby,Hill
301,HR Coordinator,Adeline_Selby7368@irrepsy.com,Adeline,Selby
302,Auditor,Luke_Weston1225@ovock.tech,Luke,Weston
303,Baker,Rocco_Cameron7365@twace.org,Rocco,Cameron
304,Design Engineer,Matthew_Barclay695@guentu.biz,Matthew,Barclay
305,HR Specialist,Benjamin_Dann3791@sveldo.biz,Benjamin,Dann
306,Investment Advisor,Brad_Gaynor9989@bretoux.com,Brad,Gaynor
307,Baker,Louise_Eddison2167@bulaffy.com,Louise,Eddison
308,Clerk,Kendra_Hamilton5900@bungar.biz,Kendra,Hamilton
309,Doctor,Mark_Wheeler8437@deons.tech,Mark,Wheeler
310,Banker,Leslie_Plant4251@gmail.com,Leslie,Plant
311,Retail Trainee,Adelaide_Mccormick8588@grannar.com,Adelaide,Mccormick
312,Project Manager,Bryce_Umney6886@cispeto.com,Bryce,Umney
313,Food Technologist,Rufus_Edley5186@twace.org,Rufus,Edley
314,Cashier,Harry_Hudson4940@nanoff.biz,Harry,Hudson
315,Pharmacist,Lucas_Vernon6422@infotech44.tech,Lucas,Vernon
316,Health Educator,Ron_Todd9010@liret.org,Ron,Todd
317,Fabricator,Tyler_Roberts474@jiman.org,Tyler,Roberts
318,Production Painter,Mandy_King9394@naiker.biz,Mandy,King
319,Audiologist,Adalind_Santos6980@fuliss.net,Adalind,Santos
320,Pharmacist,Emery_Edmonds1007@deavo.com,Emery,Edmonds
321,Operator,Ramon_Allen5678@dionrab.com,Ramon,Allen
322,Executive Director,Bart_Sherwood9583@dionrab.com,Bart,Sherwood
323,Dentist,Rick_Robinson5608@elnee.tech,Rick,Robinson
324,Inspector,Nancy_Rixon2123@typill.biz,Nancy,Rixon
325,Bellman,Judith_Ross6806@gembat.biz,Judith,Ross
326,Executive Director,Hank_Clark1684@infotech44.tech,Hank,Clark
327,Insurance Broker,Bart_Thorpe2540@extex.org,Bart,Thorpe
328,HR Specialist,Alan_Giles9446@nickia.com,Alan,Giles
329,Steward,Nina_Campbell2829@joiniaa.com,Nina,Campbell
330,Cook,Mason_Chadwick8497@typill.biz,Mason,Chadwick
331,IT Support Staff,Leanne_Milner8857@ovock.tech,Leanne,Milner
332,Accountant,Tony_Wilson3993@irrepsy.com,Tony,Wilson
333,Bookkeeper,Ron_Simpson1657@nimogy.biz,Ron,Simpson
334,Inspector,Abbey_Yarlett5678@liret.org,Abbey,Yarlett
335,Laboratory Technician,Gladys_Snow1384@hourpy.biz,Gladys,Snow
336,Machine Operator,Chadwick_Bailey2626@corti.com,Chadwick,Bailey
337,Healthcare Specialist,Alexander_Ryan3564@extex.org,Alexander,Ryan
338,Fabricator,Amelia_Redwood3428@nanoff.biz,Amelia,Redwood
339,Cash Manager,Nathan_Abbot1930@twace.org,Nathan,Abbot
340,IT Support Staff,Maxwell_Bishop7542@vetan.org,Maxwell,Bishop
341,Cash Manager,Chuck_Jordan4261@eirey.tech,Chuck,Jordan
342,HR Coordinator,Tyson_Moreno9409@zorer.org,Tyson,Moreno
343,Cashier,Abdul_Quinton5895@sveldo.biz,Abdul,Quinton
344,Systems Administrator,Chadwick_Patel1070@qater.org,Chadwick,Patel
345,Electrician,Mark_Corbett6375@gmail.com,Mark,Corbett
346,Treasurer,Penny_Morrison2360@famism.biz,Penny,Morrison
347,IT Support Staff,George_Hill1299@grannar.com,George,Hill
348,Health Educator,Celina_Ryan9686@cispeto.com,Celina,Ryan
349,Design Engineer,Harvey_Allwood9013@ovock.tech,Harvey,Allwood
350,Restaurant Manager,Gil_Uddin9208@ovock.tech,Gil,Uddin
351,Mobile Developer,Joseph_Eyres7102@womeona.net,Joseph,Eyres
352,Insurance Broker,Jennifer_Reynolds2172@eirey.tech,Jennifer,Reynolds
353,Retail Trainee,Cedrick_Goodman9382@ovock.tech,Cedrick,Goodman
354,Banker,Beatrice_Morley3957@sveldo.biz,Beatrice,Morley
355,Designer,Dasha_May2863@irrepsy.com,Dasha,May
356,CNC Operator,Mackenzie_Swan1034@bulaffy.com,Mackenzie,Swan
357,Ambulatory Nurse,Nick_Nayler7631@yahoo.com,Nick,Nayler
358,Staffing Consultant,Adalie_Hunter1984@brety.org,Adalie,Hunter
359,IT Support Staff,Liam_Stanton2157@ovock.tech,Liam,Stanton
360,Health Educator,Mona_Walton2349@ubusive.com,Mona,Walton
361,Audiologist,Ronald_Mills4983@brety.org,Ronald,Mills
362,Lecturer,Matt_Smith5462@corti.com,Matt,Smith
363,Web Developer,Samantha_Samuel6279@extex.org,Samantha,Samuel
364,Bookkeeper,Nicole_Forester7356@qater.org,Nicole,Forester
365,Health Educator,Camellia_Donnelly13@cispeto.com,Camellia,Donnelly
366,Physician,Denis_Parker1593@gompie.com,Denis,Parker
367,Banker,Jane_Downing397@joiniaa.com,Jane,Downing
368,Steward,Julian_Stevens1184@typill.biz,Julian,Stevens
369,Web Developer,Lucas_Santos9334@bauros.biz,Lucas,Santos
370,Steward,Anabel_Shields9937@gompie.com,Anabel,Shields
371,Design Engineer,George_Higgs3876@kideod.biz,George,Higgs
372,Pharmacist,Alba_Mann3488@elnee.tech,Alba,Mann
373,Global Logistics Supervisor,Denis_Poulton2893@muall.tech,Denis,Poulton
374,Project Manager,Luke_Camden6506@muall.tech,Luke,Camden
375,Cashier,Gloria_Warner2264@sveldo.biz,Gloria,Warner
376,Health Educator,Logan_Woods3657@twipet.com,Logan,Woods
377,Production Painter,Erick_Glass4596@dionrab.com,Erick,Glass
378,Budget Analyst,Michael_Bingham9669@iatim.tech,Michael,Bingham
379,Steward,Marigold_Lowe9258@mafthy.com,Marigold,Lowe
380,Audiologist,Priscilla_Dunbar267@naiker.biz,Priscilla,Dunbar
381,Executive Director,Harry_Vallins5080@naiker.biz,Harry,Vallins
382,Operator,Remy_Everett5104@gembat.biz,Remy,Everett
383,Ambulatory Nurse,Carissa_Mitchell9426@gembat.biz,Carissa,Mitchell
384,Executive Director,Parker_Swan7483@womeona.net,Parker,Swan
385,Webmaster,Cedrick_Irwin5261@womeona.net,Cedrick,Irwin
386,Design Engineer,Barney_Hancock2751@dionrab.com,Barney,Hancock
387,Clerk,Teagan_Russel780@jiman.org,Teagan,Russel
388,Baker,Bryon_Talbot6695@elnee.tech,Bryon,Talbot
389,Web Developer,Candice_Thomas7534@nickia.com,Candice,Thomas
390,Project Manager,Lillian_Blackwall399@bungar.biz,Lillian,Blackwall
391,Budget Analyst,Lily_Payne8797@atink.com,Lily,Payne
392,Physician,Fred_Bayliss1242@bauros.biz,Fred,Bayliss
393,Retail Trainee,Eduardo_Varley6088@deavo.com,Eduardo,Varley
394,Food Technologist,Nick_Exton5975@infotech44.tech,Nick,Exton
395,HR Specialist,Nick_Shea7402@typill.biz,Nick,Shea
396,Investment Advisor,Julianna_Hunt514@zorer.org,Julianna,Hunt
397,Global Logistics Supervisor,Beatrice_Jeffery1984@nimogy.biz,Beatrice,Jeffery
398,Machine Operator,Rae_Downing6898@bauros.biz,Rae,Downing
399,Global Logistics Supervisor,Adalind_Irving1691@sheye.org,Adalind,Irving
400,Design Engineer,Vera_Simpson1704@twace.org,Vera,Simpson
401,Associate Professor,John_London7401@supunk.biz,John,London
402,Accountant,Amelia_Nicholls3888@zorer.org,Amelia,Nicholls
403,Webmaster,Harvey_Phillips4981@eirey.tech,Harvey,Phillips
404,Service Supervisor,Rosa_Middleton5689@cispeto.com,Rosa,Middleton
405,Accountant,Caleb_Power6778@brety.org,Caleb,Power
406,Fabricator,Karla_Clayton2204@nimogy.biz,Karla,Clayton
407,Healthcare Specialist,Peyton_Henderson4993@hourpy.biz,Peyton,Henderson
408,HR Coordinator,Gwen_Baxter882@qater.org,Gwen,Baxter
409,Health Educator,Marla_Whinter5639@yahoo.com,Marla,Whinter
410,Staffing Consultant,Matt_Walker1625@irrepsy.com,Matt,Walker
411,Operator,Alexander_Rose2701@cispeto.com,Alexander,Rose
412,Production Painter,Chelsea_Exton4264@deons.tech,Chelsea,Exton
413,Electrician,Joyce_Kidd5411@deons.tech,Joyce,Kidd
414,Banker,Marilyn_Hamilton8928@hourpy.biz,Marilyn,Hamilton
415,Biologist,Bree_Harvey2036@vetan.org,Bree,Harvey
416,Auditor,Denis_Fall7409@hourpy.biz,Denis,Fall
417,Business Broker,Nate_Drake3009@atink.com,Nate,Drake
418,Retail Trainee,Clint_Gordon8960@bungar.biz,Clint,Gordon
419,Banker,Jayden_Andrews3167@jiman.org,Jayden,Andrews
420,Bellman,Barney_Noach1803@nanoff.biz,Barney,Noach
421,Lecturer,Mara_Marshall2803@gembat.biz,Mara,Marshall
422,Insurance Broker,Amy_Judd6660@vetan.org,Amy,Judd
423,Dentist,Danielle_Simpson4262@zorer.org,Danielle,Simpson
424,HR Coordinator,Russel_Vane6893@vetan.org,Russel,Vane
425,Food Technologist,Benjamin_Kelly5695@infotech44.tech,Benjamin,Kelly
426,Restaurant Manager,Chad_Baldwin2931@gembat.biz,Chad,Baldwin
427,Systems Administrator,Mike_Wellington859@fuliss.net,Mike,Wellington
428,Chef Manager,Mackenzie_Sylvester1209@bretoux.com,Mackenzie,Sylvester
429,Food Technologist,Alice_Alldridge9384@yahoo.com,Alice,Alldridge
430,Chef Manager,Daron_Forth7458@corti.com,Daron,Forth
431,Loan Officer,Angel_Forester8931@liret.org,Angel,Forester
432,Laboratory Technician,Cassandra_Swan2603@elnee.tech,Cassandra,Swan
433,Biologist,Anthony_Overson9949@jiman.org,Anthony,Overson
434,Web Developer,Daria_Lyon1890@muall.tech,Daria,Lyon
435,Cash Manager,Harmony_Goldsmith3867@nanoff.biz,Harmony,Goldsmith
436,Doctor,Kassandra_Gilmore2404@irrepsy.com,Kassandra,Gilmore
437,Pharmacist,Jack_Cassidy3795@bungar.biz,Jack,Cassidy
438,Webmaster,Erick_Potts8249@muall.tech,Erick,Potts
439,Webmaster,Sabrina_Owens8407@womeona.net,Sabrina,Owens
440,Dentist,Julius_Moss7203@hourpy.biz,Julius,Moss
441,Baker,Matthew_London2355@bauros.biz,Matthew,London
442,Production Painter,Hailey_Holt6515@irrepsy.com,Hailey,Holt
443,Restaurant Manager,Sarah_Parker1672@sveldo.biz,Sarah,Parker
444,Steward,Ryan_Sanchez4000@fuliss.net,Ryan,Sanchez
445,Doctor,Thea_Evans7367@iatim.tech,Thea,Evans
446,Global Logistics Supervisor,Lorraine_Downing7380@gembat.biz,Lorraine,Downing
447,Design Engineer,Penny_Graham8409@brety.org,Penny,Graham
448,Front Desk Coordinator,Livia_Chadwick7016@vetan.org,Livia,Chadwick
449,Web Developer,Erin_Farmer5360@infotech44.tech,Erin,Farmer
450,Operator,Margaret_Williams4541@guentu.biz,Margaret,Williams
451,Auditor,Lily_Mccall2311@twipet.com,Lily,Mccall
452,Doctor,Nick_Upsdell1921@extex.org,Nick,Upsdell
453,Loan Officer,George_Mason9827@grannar.com,George,Mason
454,Auditor,Mavis_Coleman3661@hourpy.biz,Mavis,Coleman
455,Biologist,Vera_Gilmour5932@womeona.net,Vera,Gilmour
456,Operator,Marvin_Jones9429@bulaffy.com,Marvin,Jones
457,Staffing Consultant,Jacob_Styles6501@naiker.biz,Jacob,Styles
458,Audiologist,Rocco_Malone1636@bulaffy.com,Rocco,Malone
459,Accountant,Leroy_Carter7774@vetan.org,Leroy,Carter
460,Project Manager,Chuck_Lambert8652@bauros.biz,Chuck,Lambert
461,Systems Administrator,Benny_Paterson8861@bauros.biz,Benny,Paterson
462,Associate Professor,Abdul_Chapman1213@muall.tech,Abdul,Chapman
463,Investment Advisor,Sage_Redwood3428@bretoux.com,Sage,Redwood
464,Project Manager,Cristal_Stewart1764@naiker.biz,Cristal,Stewart
465,Dentist,Davina_Addley2002@deavo.com,Davina,Addley
466,Budget Analyst,Tara_Bailey2705@supunk.biz,Tara,Bailey
467,Executive Director,Savannah_Flanders6707@twace.org,Savannah,Flanders
468,Assistant Buyer,Rylee_Zaoui1658@nimogy.biz,Rylee,Zaoui
469,Design Engineer,Holly_Pope6911@bretoux.com,Holly,Pope
470,Retail Trainee,Caleb_Varndell9958@tonsy.org,Caleb,Varndell
471,Software Engineer,Benny_Sherry4755@joiniaa.com,Benny,Sherry
472,Operator,Gloria_Kaur5093@extex.org,Gloria,Kaur
473,Lecturer,Nate_Clarkson3814@infotech44.tech,Nate,Clarkson
474,Bookkeeper,Gloria_Holmes7551@grannar.com,Gloria,Holmes
475,Cook,Miley_Jarrett2222@elnee.tech,Miley,Jarrett
476,Associate Professor,Ethan_Wright376@deons.tech,Ethan,Wright
477,Assistant Buyer,Johnny_Nicholls1873@supunk.biz,Johnny,Nicholls
478,HR Coordinator,Harry_Mills1271@nanoff.biz,Harry,Mills
479,Audiologist,Thea_Coleman8604@bauros.biz,Thea,Coleman
480,Mobile Developer,Rick_Ogilvy8438@bauros.biz,Rick,Ogilvy
481,Cashier,Ilona_Graham8248@vetan.org,Ilona,Graham
482,Restaurant Manager,Russel_Miller2105@ovock.tech,Russel,Miller
483,Designer,Candice_Hill7382@gembat.biz,Candice,Hill
484,Software Engineer,Ron_Anderson8586@bulaffy.com,Ron,Anderson
485,Production Painter,Luke_Pearson7056@zorer.org,Luke,Pearson
486,Production Painter,Rufus_Lindop2083@fuliss.net,Rufus,Lindop
487,Healthcare Specialist,Chester_Ashley3809@irrepsy.com,Chester,Ashley
488,Auditor,Ruth_Nicolas3064@eirey.tech,Ruth,Nicolas
489,IT Support Staff,Alexander_Wallace8577@liret.org,Alexander,Wallace
490,Assistant Buyer,Margot_Matthews2415@grannar.com,Margot,Matthews
491,Bellman,Enoch_Grady6823@twipet.com,Enoch,Grady
492,Auditor,Maria_Paterson9852@jiman.org,Maria,Paterson
493,Designer,Kurt_Brown634@atink.com,Kurt,Brown
494,Fabricator,Tara_Addis948@nickia.com,Tara,Addis
495,Call Center Representative,Jolene_Johnson38@bretoux.com,Jolene,Johnson
496,Systems Administrator,Darlene_Rose9896@tonsy.org,Darlene,Rose
497,Project Manager,Holly_Mcleod2599@nanoff.biz,Holly,Mcleod
498,Physician,Chadwick_Hepburn6443@liret.org,Chadwick,Hepburn
499,Project Manager,Hanna_Clark5081@kideod.biz,Hanna,Clark
500,Lecturer,Andie_Cooper3153@muall.tech,Andie,Cooper